candidate	workload	session	block_order_seed	cross_cell_seed	block	condition	order_in_block	process_interval_seconds	work_time_seconds	exit_code	behavior_ok	coverage_artifact_ok	timed_out	import_exit_code	import_timed_out	timestamp
nano-coverage	w11	0	75405259	879027436	0	B0	0	3.8566	1.720844	0	True		False	0	False	1789935964.604
nano-coverage	w11	0	75405259	879027436	0	C	1	8.3098	6.304652	0	True	True	False	0	False	1789935978.685
gd-tools	w03	0	2119882653	879027436	0	B1	0	5.1990	1.976012	0	True		False	0	False	1789935987.972
gd-tools	w03	0	2119882653	879027436	0	C	1	27.4825	24.195959	0	True	True	False	0	False	1789936019.454
gd-tools	w03	0	2119882653	879027436	0	B0	2	5.0224	1.942473	0	True		False	0	False	1789936028.495
gd-tools	w05	0	4277048794	879027436	0	C	0	5.4625	2.011695	0	True	True	False	0	False	1789936036.294
gd-tools	w05	0	4277048794	879027436	0	B1	1	5.2071	1.913787	0	True		False	0	False	1789936043.839
gd-tools	w05	0	4277048794	879027436	0	B0	2	5.2974	1.964623	0	True		False	0	False	1789936051.475
nano-coverage	w03	0	3427911301	879027436	0	C	0	20.1831	18.523952	0	True	True	False	0	False	1789936076.621
nano-coverage	w03	0	3427911301	879027436	0	B0	1	3.6401	1.994303	0	True		False	0	False	1789936084.616
nano-coverage	w01	0	1256251287	879027436	0	C	0	1.8181		0	True	True	False	0	False	1789936089.706
nano-coverage	w01	0	1256251287	879027436	0	B0	1	1.7272		0	True		False	0	False	1789936094.146
gd-tools	w11	0	2879191030	879027436	0	B1	0	5.2918	1.763010	0	True		False	0	False	1789936104.297
gd-tools	w11	0	2879191030	879027436	0	C	1	11.6803	7.982552	0	True	True	False	0	False	1789936120.734
gd-tools	w11	0	2879191030	879027436	0	B0	2	5.2073	1.723991	0	True		False	0	False	1789936130.786
nano-coverage	w05	0	746166457	879027436	0	C	0	7.5962	5.718162	0	True	True	False	0	False	1789936141.659
nano-coverage	w05	0	746166457	879027436	0	B0	1	3.6983	1.933245	0	True		False	0	False	1789936147.978
gd-tools	w01	0	3544489267	879027436	0	B1	0	3.2521		0	True		False	0	False	1789936153.661
gd-tools	w01	0	3544489267	879027436	0	B0	1	3.2720		0	True		False	0	False	1789936159.267
gd-tools	w01	0	3544489267	879027436	0	C	2	3.3945		0	True	True	False	0	False	1789936165.087
nano-coverage	w11	0	75405259	879027436	1	B0	0	3.6729	1.728300	0	True		False	0	False	1789936173.796
nano-coverage	w11	0	75405259	879027436	1	C	1	8.2152	6.186607	0	True	True	False	0	False	1789936187.722
gd-tools	w03	0	2119882653	879027436	1	C	0	27.2963	23.993080	0	True	True	False	0	False	1789936219.139
gd-tools	w03	0	2119882653	879027436	1	B1	1	5.1239	1.962411	0	True		False	0	False	1789936228.388
gd-tools	w03	0	2119882653	879027436	1	B0	2	5.1020	1.933481	0	True		False	0	False	1789936237.552
gd-tools	w05	0	4277048794	879027436	1	B0	0	5.1954	1.936788	0	True		False	0	False	1789936245.080
gd-tools	w05	0	4277048794	879027436	1	B1	1	5.2953	1.954637	0	True		False	0	False	1789936252.715
gd-tools	w05	0	4277048794	879027436	1	C	2	5.5368	2.096652	0	True	True	False	0	False	1789936260.610
nano-coverage	w03	0	3427911301	879027436	1	B0	0	3.5707	1.942787	0	True		False	0	False	1789936268.583
nano-coverage	w03	0	3427911301	879027436	1	C	1	20.3701	18.621874	0	True	True	False	0	False	1789936294.048
nano-coverage	w01	0	1256251287	879027436	1	B0	0	1.7638		0	True		False	0	False	1789936298.428
nano-coverage	w01	0	1256251287	879027436	1	C	1	1.7826		0	True	True	False	0	False	1789936303.488
gd-tools	w11	0	2879191030	879027436	1	C	0	11.5812	7.867810	0	True	True	False	0	False	1789936319.985
gd-tools	w11	0	2879191030	879027436	1	B1	1	5.2954	1.723308	0	True		False	0	False	1789936330.088
gd-tools	w11	0	2879191030	879027436	1	B0	2	5.2973	1.727752	0	True		False	0	False	1789936340.262
nano-coverage	w05	0	746166457	879027436	1	C	0	7.4298	5.633370	0	True	True	False	0	False	1789936350.969
nano-coverage	w05	0	746166457	879027436	1	B0	1	3.6783	1.943069	0	True		False	0	False	1789936357.270
gd-tools	w01	0	3544489267	879027436	1	C	0	3.3970		0	True	True	False	0	False	1789936363.006
gd-tools	w01	0	3544489267	879027436	1	B0	1	3.2451		0	True		False	0	False	1789936368.601
gd-tools	w01	0	3544489267	879027436	1	B1	2	3.2661		0	True		False	0	False	1789936374.201
nano-coverage	w11	0	75405259	879027436	2	B0	0	3.6614	1.721816	0	True		False	0	False	1789936382.910
nano-coverage	w11	0	75405259	879027436	2	C	1	8.3396	6.301373	0	True	True	False	0	False	1789936396.972
gd-tools	w03	0	2119882653	879027436	2	B0	0	5.0309	1.923119	0	True		False	0	False	1789936406.273
gd-tools	w03	0	2119882653	879027436	2	B1	1	5.1113	1.969147	0	True		False	0	False	1789936415.612
gd-tools	w03	0	2119882653	879027436	2	C	2	27.8498	24.581344	0	True	True	False	0	False	1789936447.642
gd-tools	w05	0	4277048794	879027436	2	B0	0	5.2015	1.931126	0	True		False	0	False	1789936455.180
gd-tools	w05	0	4277048794	879027436	2	C	1	5.4698	2.015436	0	True	True	False	0	False	1789936462.986
gd-tools	w05	0	4277048794	879027436	2	B1	2	5.1954	1.918287	0	True		False	0	False	1789936470.612
nano-coverage	w03	0	3427911301	879027436	2	C	0	19.9063	18.219047	0	True	True	False	0	False	1789936495.550
nano-coverage	w03	0	3427911301	879027436	2	B0	1	3.5727	1.961787	0	True		False	0	False	1789936503.514
nano-coverage	w01	0	1256251287	879027436	2	B0	0	1.7471		0	True		False	0	False	1789936507.883
nano-coverage	w01	0	1256251287	879027436	2	C	1	1.7594		0	True	True	False	0	False	1789936512.914
gd-tools	w11	0	2879191030	879027436	2	B1	0	5.2945	1.774890	0	True		False	0	False	1789936522.983
gd-tools	w11	0	2879191030	879027436	2	B0	1	5.1976	1.706703	0	True		False	0	False	1789936533.025
gd-tools	w11	0	2879191030	879027436	2	C	2	11.4730	7.813158	0	True	True	False	0	False	1789936549.258
nano-coverage	w05	0	746166457	879027436	2	B0	0	3.6649	1.923116	0	True		False	0	False	1789936555.542
nano-coverage	w05	0	746166457	879027436	2	C	1	7.5552	5.685738	0	True	True	False	0	False	1789936566.374
gd-tools	w01	0	3544489267	879027436	2	B0	0	3.2642		0	True		False	0	False	1789936572.069
gd-tools	w01	0	3544489267	879027436	2	B1	1	3.2443		0	True		False	0	False	1789936577.743
gd-tools	w01	0	3544489267	879027436	2	C	2	3.4000		0	True	True	False	0	False	1789936583.482
nano-coverage	w11	0	75405259	879027436	3	C	0	8.5859	6.527866	0	True	True	False	0	False	1789936597.772
nano-coverage	w11	0	75405259	879027436	3	B0	1	3.6432	1.730168	0	True		False	0	False	1789936606.437
gd-tools	w03	0	2119882653	879027436	3	B1	0	5.1974	1.937242	0	True		False	0	False	1789936615.823
gd-tools	w03	0	2119882653	879027436	3	B0	1	5.1072	1.946813	0	True		False	0	False	1789936625.004
gd-tools	w03	0	2119882653	879027436	3	C	2	27.6905	24.314586	0	True	True	False	0	False	1789936656.809
gd-tools	w05	0	4277048794	879027436	3	B1	0	5.2003	1.921421	0	True		False	0	False	1789936664.360
gd-tools	w05	0	4277048794	879027436	3	C	1	5.5624	2.049436	0	True	True	False	0	False	1789936672.261
gd-tools	w05	0	4277048794	879027436	3	B0	2	5.2153	1.942071	0	True		False	0	False	1789936679.815
nano-coverage	w03	0	3427911301	879027436	3	C	0	21.3003	19.596565	0	True	True	False	0	False	1789936706.139
nano-coverage	w03	0	3427911301	879027436	3	B0	1	3.5355	1.930393	0	True		False	0	False	1789936714.056
nano-coverage	w01	0	1256251287	879027436	3	C	0	1.8598		0	True	True	False	0	False	1789936719.202
nano-coverage	w01	0	1256251287	879027436	3	B0	1	1.7201		0	True		False	0	False	1789936723.544
gd-tools	w11	0	2879191030	879027436	3	C	0	11.3998	7.713869	0	True	True	False	0	False	1789936739.776
gd-tools	w11	0	2879191030	879027436	3	B0	1	5.2170	1.718634	0	True		False	0	False	1789936749.721
gd-tools	w11	0	2879191030	879027436	3	B1	2	5.2505	1.707501	0	True		False	0	False	1789936759.744
nano-coverage	w05	0	746166457	879027436	3	B0	0	3.6666	1.915284	0	True		False	0	False	1789936766.028
nano-coverage	w05	0	746166457	879027436	3	C	1	7.4374	5.599376	0	True	True	False	0	False	1789936776.742
gd-tools	w01	0	3544489267	879027436	3	C	0	3.3895		0	True	True	False	0	False	1789936782.565
gd-tools	w01	0	3544489267	879027436	3	B1	1	3.2508		0	True		False	0	False	1789936788.159
gd-tools	w01	0	3544489267	879027436	3	B0	2	3.2444		0	True		False	0	False	1789936793.742
nano-coverage	w11	0	75405259	879027436	4	C	0	8.4657	6.393816	0	True	True	False	0	False	1789936807.904
nano-coverage	w11	0	75405259	879027436	4	B0	1	3.6601	1.717470	0	True		False	0	False	1789936816.598
gd-tools	w03	0	2119882653	879027436	4	C	0	27.3976	24.059643	0	True	True	False	0	False	1789936848.219
gd-tools	w03	0	2119882653	879027436	4	B0	1	5.0171	1.907758	0	True		False	0	False	1789936857.366
gd-tools	w03	0	2119882653	879027436	4	B1	2	5.0340	1.897182	0	True		False	0	False	1789936866.496
gd-tools	w05	0	4277048794	879027436	4	C	0	5.4407	2.048072	0	True	True	False	0	False	1789936874.272
gd-tools	w05	0	4277048794	879027436	4	B0	1	5.2156	1.933241	0	True		False	0	False	1789936881.822
gd-tools	w05	0	4277048794	879027436	4	B1	2	5.2033	1.951615	0	True		False	0	False	1789936889.364
nano-coverage	w03	0	3427911301	879027436	4	B0	0	3.6460	1.967757	0	True		False	0	False	1789936897.430
nano-coverage	w03	0	3427911301	879027436	4	C	1	21.6730	19.954612	0	True	True	False	0	False	1789936924.168
nano-coverage	w01	0	1256251287	879027436	4	C	0	1.7709		0	True	True	False	0	False	1789936929.222
nano-coverage	w01	0	1256251287	879027436	4	B0	1	1.6764		0	True		False	0	False	1789936933.526
gd-tools	w11	0	2879191030	879027436	4	B0	0	5.2186	1.744397	0	True		False	0	False	1789936943.513
gd-tools	w11	0	2879191030	879027436	4	B1	1	5.2219	1.729877	0	True		False	0	False	1789936953.569
gd-tools	w11	0	2879191030	879027436	4	C	2	11.6046	7.918185	0	True	True	False	0	False	1789936969.929
nano-coverage	w05	0	746166457	879027436	4	B0	0	3.7306	1.947673	0	True		False	0	False	1789936976.285
nano-coverage	w05	0	746166457	879027436	4	C	1	7.6441	5.812064	0	True	True	False	0	False	1789936987.205
gd-tools	w01	0	3544489267	879027436	4	B0	0	3.2736		0	True		False	0	False	1789936992.909
gd-tools	w01	0	3544489267	879027436	4	C	1	3.3908		0	True	True	False	0	False	1789936998.633
gd-tools	w01	0	3544489267	879027436	4	B1	2	3.2522		0	True		False	0	False	1789937004.239
nano-coverage	w11	0	75405259	879027436	5	C	0	8.4980	6.468659	0	True	True	False	0	False	1789937018.442
nano-coverage	w11	0	75405259	879027436	5	B0	1	3.6723	1.744531	0	True		False	0	False	1789937027.139
gd-tools	w03	0	2119882653	879027436	5	B0	0	5.0123	1.928096	0	True		False	0	False	1789937036.257
gd-tools	w03	0	2119882653	879027436	5	C	1	27.2967	23.871293	0	True	True	False	0	False	1789937067.667
gd-tools	w03	0	2119882653	879027436	5	B1	2	5.1085	1.946645	0	True		False	0	False	1789937076.849
gd-tools	w05	0	4277048794	879027436	5	B1	0	5.1985	1.909147	0	True		False	0	False	1789937084.385
gd-tools	w05	0	4277048794	879027436	5	B0	1	5.2140	1.901579	0	True		False	0	False	1789937091.937
gd-tools	w05	0	4277048794	879027436	5	C	2	5.4354	1.999246	0	True	True	False	0	False	1789937099.712
nano-coverage	w03	0	3427911301	879027436	5	B0	0	3.6307	1.954261	0	True		False	0	False	1789937107.713
nano-coverage	w03	0	3427911301	879027436	5	C	1	20.2576	18.515305	0	True	True	False	0	False	1789937133.033
nano-coverage	w01	0	1256251287	879027436	5	B0	0	1.7715		0	True		False	0	False	1789937137.424
nano-coverage	w01	0	1256251287	879027436	5	C	1	1.8135		0	True	True	False	0	False	1789937142.512
gd-tools	w11	0	2879191030	879027436	5	B0	0	5.1453	1.690682	0	True		False	0	False	1789937152.402
gd-tools	w11	0	2879191030	879027436	5	C	1	11.5109	7.795545	0	True	True	False	0	False	1789937168.657
gd-tools	w11	0	2879191030	879027436	5	B1	2	5.2092	1.704457	0	True		False	0	False	1789937178.625
nano-coverage	w05	0	746166457	879027436	5	C	0	7.4932	5.638701	0	True	True	False	0	False	1789937189.398
nano-coverage	w05	0	746166457	879027436	5	B0	1	3.6613	1.925396	0	True		False	0	False	1789937195.676
gd-tools	w01	0	3544489267	879027436	5	B1	0	3.2469		0	True		False	0	False	1789937201.355
gd-tools	w01	0	3544489267	879027436	5	C	1	3.3973		0	True	True	False	0	False	1789937207.089
gd-tools	w01	0	3544489267	879027436	5	B0	2	3.2467		0	True		False	0	False	1789937212.669
nano-coverage	w03	1	3162290442	4025488379	0	C	0	21.8155	20.122655	0	True	True	False	0	False	1789937299.640
nano-coverage	w03	1	3162290442	4025488379	0	B0	1	3.5793	1.967793	0	True		False	0	False	1789937307.649
nano-coverage	w11	1	3144993598	4025488379	0	C	0	8.3743	6.320264	0	True	True	False	0	False	1789937321.714
nano-coverage	w11	1	3144993598	4025488379	0	B0	1	3.6802	1.700961	0	True		False	0	False	1789937330.490
nano-coverage	w01	1	1598654539	4025488379	0	B0	0	1.7642		0	True		False	0	False	1789937334.874
nano-coverage	w01	1	1598654539	4025488379	0	C	1	1.7399		0	True	True	False	0	False	1789937339.888
gd-tools	w05	1	4252223890	4025488379	0	B1	0	5.2022	1.945506	0	True		False	0	False	1789937347.426
gd-tools	w05	1	4252223890	4025488379	0	C	1	5.5416	2.065904	0	True	True	False	0	False	1789937355.303
gd-tools	w05	1	4252223890	4025488379	0	B0	2	5.2000	1.903202	0	True		False	0	False	1789937362.839
nano-coverage	w05	1	961871058	4025488379	0	B0	0	3.6664	1.942535	0	True		False	0	False	1789937369.128
nano-coverage	w05	1	961871058	4025488379	0	C	1	7.5226	5.702408	0	True	True	False	0	False	1789937379.929
gd-tools	w03	1	2709690616	4025488379	0	B1	0	5.0193	1.925850	0	True		False	0	False	1789937389.048
gd-tools	w03	1	2709690616	4025488379	0	C	1	27.2943	24.001980	0	True	True	False	0	False	1789937420.416
gd-tools	w03	1	2709690616	4025488379	0	B0	2	5.0436	1.893077	0	True		False	0	False	1789937429.581
gd-tools	w01	1	3467774635	4025488379	0	C	0	3.3945		0	True	True	False	0	False	1789937435.315
gd-tools	w01	1	3467774635	4025488379	0	B1	1	3.2460		0	True		False	0	False	1789937440.899
gd-tools	w01	1	3467774635	4025488379	0	B0	2	3.1525		0	True		False	0	False	1789937446.481
gd-tools	w11	1	1476708148	4025488379	0	B1	0	5.1963	1.750678	0	True		False	0	False	1789937456.521
gd-tools	w11	1	1476708148	4025488379	0	C	1	11.5817	7.899707	0	True	True	False	0	False	1789937472.875
gd-tools	w11	1	1476708148	4025488379	0	B0	2	5.2926	1.728865	0	True		False	0	False	1789937482.945
nano-coverage	w03	1	3162290442	4025488379	1	B0	0	3.6272	1.961335	0	True		False	0	False	1789937490.966
nano-coverage	w03	1	3162290442	4025488379	1	C	1	21.4625	19.752795	0	True	True	False	0	False	1789937517.520
nano-coverage	w11	1	3144993598	4025488379	1	B0	0	3.7087	1.728917	0	True		False	0	False	1789937526.265
nano-coverage	w11	1	3144993598	4025488379	1	C	1	8.4495	6.417437	0	True	True	False	0	False	1789937540.404
nano-coverage	w01	1	1598654539	4025488379	1	B0	0	1.6549		0	True		False	0	False	1789937544.680
nano-coverage	w01	1	1598654539	4025488379	1	C	1	1.8247		0	True	True	False	0	False	1789937549.785
gd-tools	w05	1	4252223890	4025488379	1	C	0	5.4520	2.057408	0	True	True	False	0	False	1789937557.576
gd-tools	w05	1	4252223890	4025488379	1	B0	1	5.2190	1.928566	0	True		False	0	False	1789937565.131
gd-tools	w05	1	4252223890	4025488379	1	B1	2	5.2090	1.921767	0	True		False	0	False	1789937572.788
nano-coverage	w05	1	961871058	4025488379	1	C	0	7.3899	5.667733	0	True	True	False	0	False	1789937583.467
nano-coverage	w05	1	961871058	4025488379	1	B0	1	3.7493	1.974247	0	True		False	0	False	1789937589.838
gd-tools	w03	1	2709690616	4025488379	1	B0	0	5.0101	1.944553	0	True		False	0	False	1789937598.959
gd-tools	w03	1	2709690616	4025488379	1	B1	1	5.1106	1.949944	0	True		False	0	False	1789937608.153
gd-tools	w03	1	2709690616	4025488379	1	C	2	27.3968	24.008340	0	True	True	False	0	False	1789937639.685
gd-tools	w01	1	3467774635	4025488379	1	B0	0	3.2513		0	True		False	0	False	1789937645.274
gd-tools	w01	1	3467774635	4025488379	1	B1	1	3.2506		0	True		False	0	False	1789937650.858
gd-tools	w01	1	3467774635	4025488379	1	C	2	3.3942		0	True	True	False	0	False	1789937656.680
gd-tools	w11	1	1476708148	4025488379	1	B1	0	5.2895	1.758102	0	True		False	0	False	1789937666.730
gd-tools	w11	1	1476708148	4025488379	1	B0	1	5.2009	1.733305	0	True		False	0	False	1789937676.696
gd-tools	w11	1	1476708148	4025488379	1	C	2	11.3876	7.762360	0	True	True	False	0	False	1789937692.908
nano-coverage	w03	1	3162290442	4025488379	2	B0	0	3.5821	1.931271	0	True		False	0	False	1789937700.910
nano-coverage	w03	1	3162290442	4025488379	2	C	1	21.7844	20.035208	0	True	True	False	0	False	1789937727.749
nano-coverage	w11	1	3144993598	4025488379	2	B0	0	3.7493	1.750788	0	True		False	0	False	1789937736.643
nano-coverage	w11	1	3144993598	4025488379	2	C	1	8.3382	6.313901	0	True	True	False	0	False	1789937750.651
nano-coverage	w01	1	1598654539	4025488379	2	B0	0	1.7312		0	True		False	0	False	1789937755.000
nano-coverage	w01	1	1598654539	4025488379	2	C	1	1.8104		0	True	True	False	0	False	1789937760.084
gd-tools	w05	1	4252223890	4025488379	2	C	0	5.5365	2.048608	0	True	True	False	0	False	1789937767.956
gd-tools	w05	1	4252223890	4025488379	2	B1	1	5.2019	1.938072	0	True		False	0	False	1789937775.586
gd-tools	w05	1	4252223890	4025488379	2	B0	2	5.2024	1.933924	0	True		False	0	False	1789937783.124
nano-coverage	w05	1	961871058	4025488379	2	B0	0	3.7650	1.962357	0	True		False	0	False	1789937789.510
nano-coverage	w05	1	961871058	4025488379	2	C	1	8.3821	6.555966	0	True	True	False	0	False	1789937801.167
gd-tools	w03	1	2709690616	4025488379	2	B0	0	5.1232	1.955704	0	True		False	0	False	1789937810.397
gd-tools	w03	1	2709690616	4025488379	2	C	1	27.3865	24.079711	0	True	True	False	0	False	1789937841.975
gd-tools	w03	1	2709690616	4025488379	2	B1	2	5.1100	1.938181	0	True		False	0	False	1789937851.178
gd-tools	w01	1	3467774635	4025488379	2	B1	0	3.2507		0	True		False	0	False	1789937856.770
gd-tools	w01	1	3467774635	4025488379	2	B0	1	3.2435		0	True		False	0	False	1789937862.349
gd-tools	w01	1	3467774635	4025488379	2	C	2	3.4081		0	True	True	False	0	False	1789937868.098
gd-tools	w11	1	1476708148	4025488379	2	C	0	11.4066	7.721020	0	True	True	False	0	False	1789937884.270
gd-tools	w11	1	1476708148	4025488379	2	B0	1	5.2375	1.736114	0	True		False	0	False	1789937894.281
gd-tools	w11	1	1476708148	4025488379	2	B1	2	5.2049	1.731295	0	True		False	0	False	1789937904.251
nano-coverage	w03	1	3162290442	4025488379	3	C	0	20.1144	18.416362	0	True	True	False	0	False	1789937929.420
nano-coverage	w03	1	3162290442	4025488379	3	B0	1	3.5556	1.966684	0	True		False	0	False	1789937937.360
nano-coverage	w11	1	3144993598	4025488379	3	C	0	8.5986	6.611936	0	True	True	False	0	False	1789937951.654
nano-coverage	w11	1	3144993598	4025488379	3	B0	1	3.7480	1.739190	0	True		False	0	False	1789937960.437
nano-coverage	w01	1	1598654539	4025488379	3	C	0	1.8320		0	True	True	False	0	False	1789937965.545
nano-coverage	w01	1	1598654539	4025488379	3	B0	1	1.6839		0	True		False	0	False	1789937969.850
gd-tools	w05	1	4252223890	4025488379	3	B1	0	5.3039	1.965368	0	True		False	0	False	1789937977.586
gd-tools	w05	1	4252223890	4025488379	3	B0	1	5.2376	1.968914	0	True		False	0	False	1789937985.157
gd-tools	w05	1	4252223890	4025488379	3	C	2	5.4362	2.035952	0	True	True	False	0	False	1789937992.929
nano-coverage	w05	1	961871058	4025488379	3	C	0	7.4538	5.631154	0	True	True	False	0	False	1789938003.672
nano-coverage	w05	1	961871058	4025488379	3	B0	1	3.6964	1.963996	0	True		False	0	False	1789938009.995
gd-tools	w03	1	2709690616	4025488379	3	C	0	27.5907	24.300610	0	True	True	False	0	False	1789938041.781
gd-tools	w03	1	2709690616	4025488379	3	B1	1	5.1133	1.986663	0	True		False	0	False	1789938051.079
gd-tools	w03	1	2709690616	4025488379	3	B0	2	5.1055	1.958887	0	True		False	0	False	1789938060.392
gd-tools	w01	1	3467774635	4025488379	3	B1	0	3.1567		0	True		False	0	False	1789938065.990
gd-tools	w01	1	3467774635	4025488379	3	C	1	3.4064		0	True	True	False	0	False	1789938071.744
gd-tools	w01	1	3467774635	4025488379	3	B0	2	3.2480		0	True		False	0	False	1789938077.327
gd-tools	w11	1	1476708148	4025488379	3	C	0	11.4800	7.859777	0	True	True	False	0	False	1789938093.581
gd-tools	w11	1	1476708148	4025488379	3	B1	1	5.1947	1.700456	0	True		False	0	False	1789938103.606
gd-tools	w11	1	1476708148	4025488379	3	B0	2	5.1984	1.725100	0	True		False	0	False	1789938113.527
nano-coverage	w03	1	3162290442	4025488379	4	B0	0	3.5388	1.915114	0	True		False	0	False	1789938121.464
nano-coverage	w03	1	3162290442	4025488379	4	C	1	21.4377	19.718706	0	True	True	False	0	False	1789938147.963
nano-coverage	w11	1	3144993598	4025488379	4	B0	0	3.6712	1.714249	0	True		False	0	False	1789938156.790
nano-coverage	w11	1	3144993598	4025488379	4	C	1	8.4085	6.439263	0	True	True	False	0	False	1789938171.046
nano-coverage	w01	1	1598654539	4025488379	4	C	0	1.7323		0	True	True	False	0	False	1789938176.060
nano-coverage	w01	1	1598654539	4025488379	4	B0	1	1.6832		0	True		False	0	False	1789938180.363
gd-tools	w05	1	4252223890	4025488379	4	B0	0	5.2109	1.913923	0	True		False	0	False	1789938187.911
gd-tools	w05	1	4252223890	4025488379	4	C	1	5.4389	2.045796	0	True	True	False	0	False	1789938195.782
gd-tools	w05	1	4252223890	4025488379	4	B1	2	5.1987	1.907659	0	True		False	0	False	1789938203.321
nano-coverage	w05	1	961871058	4025488379	4	C	0	8.2938	6.465051	0	True	True	False	0	False	1789938214.889
nano-coverage	w05	1	961871058	4025488379	4	B0	1	3.7431	1.944427	0	True		False	0	False	1789938221.248
gd-tools	w03	1	2709690616	4025488379	4	C	0	27.7575	24.456127	0	True	True	False	0	False	1789938253.079
gd-tools	w03	1	2709690616	4025488379	4	B0	1	5.0266	1.916819	0	True		False	0	False	1789938262.200
gd-tools	w03	1	2709690616	4025488379	4	B1	2	5.0166	1.931053	0	True		False	0	False	1789938271.335
gd-tools	w01	1	3467774635	4025488379	4	C	0	3.3980		0	True	True	False	0	False	1789938277.073
gd-tools	w01	1	3467774635	4025488379	4	B0	1	3.2465		0	True		False	0	False	1789938282.751
gd-tools	w01	1	3467774635	4025488379	4	B1	2	3.2469		0	True		False	0	False	1789938288.427
gd-tools	w11	1	1476708148	4025488379	4	B0	0	5.1992	1.736524	0	True		False	0	False	1789938298.415
gd-tools	w11	1	1476708148	4025488379	4	B1	1	5.2016	1.716809	0	True		False	0	False	1789938308.483
gd-tools	w11	1	1476708148	4025488379	4	C	2	11.6778	7.938469	0	True	True	False	0	False	1789938325.016
nano-coverage	w03	1	3162290442	4025488379	5	C	0	20.0002	18.275349	0	True	True	False	0	False	1789938350.056
nano-coverage	w03	1	3162290442	4025488379	5	B0	1	3.6264	1.974607	0	True		False	0	False	1789938358.051
nano-coverage	w11	1	3144993598	4025488379	5	C	0	8.5165	6.476926	0	True	True	False	0	False	1789938372.233
nano-coverage	w11	1	3144993598	4025488379	5	B0	1	3.6954	1.792346	0	True		False	0	False	1789938380.978
nano-coverage	w01	1	1598654539	4025488379	5	C	0	1.7001		0	True	True	False	0	False	1789938385.951
nano-coverage	w01	1	1598654539	4025488379	5	B0	1	1.7369		0	True		False	0	False	1789938390.312
gd-tools	w05	1	4252223890	4025488379	5	B0	0	5.2061	1.918513	0	True		False	0	False	1789938397.865
gd-tools	w05	1	4252223890	4025488379	5	B1	1	5.1992	1.964353	0	True		False	0	False	1789938405.406
gd-tools	w05	1	4252223890	4025488379	5	C	2	5.5487	2.054536	0	True	True	False	0	False	1789938413.294
nano-coverage	w05	1	961871058	4025488379	5	B0	0	3.6188	1.941515	0	True		False	0	False	1789938419.532
nano-coverage	w05	1	961871058	4025488379	5	C	1	7.4571	5.625847	0	True	True	False	0	False	1789938430.267
gd-tools	w03	1	2709690616	4025488379	5	B1	0	5.1085	1.943179	0	True		False	0	False	1789938439.475
gd-tools	w03	1	2709690616	4025488379	5	B0	1	5.1077	1.944084	0	True		False	0	False	1789938448.720
gd-tools	w03	1	2709690616	4025488379	5	C	2	27.9439	24.623713	0	True	True	False	0	False	1789938480.799
gd-tools	w01	1	3467774635	4025488379	5	B0	0	3.2611		0	True		False	0	False	1789938486.393
gd-tools	w01	1	3467774635	4025488379	5	C	1	3.3948		0	True	True	False	0	False	1789938492.219
gd-tools	w01	1	3467774635	4025488379	5	B1	2	3.2426		0	True		False	0	False	1789938497.798
gd-tools	w11	1	1476708148	4025488379	5	B0	0	5.1942	1.750908	0	True		False	0	False	1789938507.742
gd-tools	w11	1	1476708148	4025488379	5	C	1	11.3950	7.713457	0	True	True	False	0	False	1789938523.902
gd-tools	w11	1	1476708148	4025488379	5	B1	2	5.2038	1.713416	0	True		False	0	False	1789938533.843
gd-tools	w01	2	3989323108	3910305315	0	B0	0	3.2524		0	True		False	0	False	1789938599.574
gd-tools	w01	2	3989323108	3910305315	0	C	1	3.3958		0	True	True	False	0	False	1789938605.402
gd-tools	w01	2	3989323108	3910305315	0	B1	2	3.2674		0	True		False	0	False	1789938611.004
nano-coverage	w01	2	1417857200	3910305315	0	B0	0	1.7719		0	True		False	0	False	1789938615.397
nano-coverage	w01	2	1417857200	3910305315	0	C	1	1.7796		0	True	True	False	0	False	1789938620.454
gd-tools	w05	2	80417033	3910305315	0	B0	0	5.2060	1.930648	0	True		False	0	False	1789938627.994
gd-tools	w05	2	80417033	3910305315	0	C	1	5.4446	2.024626	0	True	True	False	0	False	1789938635.779
gd-tools	w05	2	80417033	3910305315	0	B1	2	5.3121	1.960356	0	True		False	0	False	1789938643.424
gd-tools	w03	2	945518924	3910305315	0	B1	0	5.1042	1.950075	0	True		False	0	False	1789938652.606
gd-tools	w03	2	945518924	3910305315	0	C	1	27.4750	24.213518	0	True	True	False	0	False	1789938684.172
gd-tools	w03	2	945518924	3910305315	0	B0	2	5.0230	1.918827	0	True		False	0	False	1789938693.294
nano-coverage	w11	2	413727257	3910305315	0	B0	0	3.7341	1.776708	0	True		False	0	False	1789938702.100
nano-coverage	w11	2	413727257	3910305315	0	C	1	8.4883	6.463755	0	True	True	False	0	False	1789938716.322
nano-coverage	w03	2	3544998117	3910305315	0	B0	0	3.6503	1.959392	0	True		False	0	False	1789938724.432
nano-coverage	w03	2	3544998117	3910305315	0	C	1	20.1297	18.391624	0	True	True	False	0	False	1789938749.610
nano-coverage	w05	2	3810895474	3910305315	0	C	0	7.5553	5.763373	0	True	True	False	0	False	1789938760.442
nano-coverage	w05	2	3810895474	3910305315	0	B0	1	3.7246	1.944480	0	True		False	0	False	1789938766.789
gd-tools	w11	2	285233466	3910305315	0	B0	0	5.2021	1.737825	0	True		False	0	False	1789938776.815
gd-tools	w11	2	285233466	3910305315	0	B1	1	5.2036	1.732190	0	True		False	0	False	1789938786.774
gd-tools	w11	2	285233466	3910305315	0	C	2	11.6097	7.875959	0	True	True	False	0	False	1789938803.143
gd-tools	w01	2	3989323108	3910305315	1	C	0	3.4047		0	True	True	False	0	False	1789938808.888
gd-tools	w01	2	3989323108	3910305315	1	B0	1	3.2455		0	True		False	0	False	1789938814.466
gd-tools	w01	2	3989323108	3910305315	1	B1	2	3.2521		0	True		False	0	False	1789938820.154
nano-coverage	w01	2	1417857200	3910305315	1	C	0	1.8144		0	True	True	False	0	False	1789938825.339
nano-coverage	w01	2	1417857200	3910305315	1	B0	1	1.7081		0	True		False	0	False	1789938829.679
gd-tools	w05	2	80417033	3910305315	1	B1	0	5.2032	1.913757	0	True		False	0	False	1789938837.235
gd-tools	w05	2	80417033	3910305315	1	C	1	5.4387	2.032940	0	True	True	False	0	False	1789938845.007
gd-tools	w05	2	80417033	3910305315	1	B0	2	5.1982	1.942974	0	True		False	0	False	1789938852.539
gd-tools	w03	2	945518924	3910305315	1	B0	0	5.1024	1.953560	0	True		False	0	False	1789938861.768
gd-tools	w03	2	945518924	3910305315	1	B1	1	5.1171	1.939223	0	True		False	0	False	1789938870.960
gd-tools	w03	2	945518924	3910305315	1	C	2	27.7800	24.484073	0	True	True	False	0	False	1789938902.850
nano-coverage	w11	2	413727257	3910305315	1	C	0	8.3638	6.369549	0	True	True	False	0	False	1789938916.886
nano-coverage	w11	2	413727257	3910305315	1	B0	1	3.6627	1.731392	0	True		False	0	False	1789938925.602
nano-coverage	w03	2	3544998117	3910305315	1	C	0	21.8162	20.099568	0	True	True	False	0	False	1789938952.510
nano-coverage	w03	2	3544998117	3910305315	1	B0	1	3.5785	1.949623	0	True		False	0	False	1789938960.525
nano-coverage	w05	2	3810895474	3910305315	1	C	0	7.9197	5.957854	0	True	True	False	0	False	1789938972.219
nano-coverage	w05	2	3810895474	3910305315	1	B0	1	3.7138	1.958240	0	True		False	0	False	1789938978.560
gd-tools	w11	2	285233466	3910305315	1	C	0	11.6093	7.910197	0	True	True	False	0	False	1789938995.010
gd-tools	w11	2	285233466	3910305315	1	B1	1	5.3106	1.718879	0	True		False	0	False	1789939005.080
gd-tools	w11	2	285233466	3910305315	1	B0	2	5.1995	1.726420	0	True		False	0	False	1789939015.046
gd-tools	w01	2	3989323108	3910305315	2	B1	0	3.2460		0	True		False	0	False	1789939020.630
gd-tools	w01	2	3989323108	3910305315	2	B0	1	3.2470		0	True		False	0	False	1789939026.215
gd-tools	w01	2	3989323108	3910305315	2	C	2	3.4308		0	True	True	False	0	False	1789939031.991
nano-coverage	w01	2	1417857200	3910305315	2	B0	0	1.7281		0	True		False	0	False	1789939036.432
nano-coverage	w01	2	1417857200	3910305315	2	C	1	1.7615		0	True	True	False	0	False	1789939041.565
gd-tools	w05	2	80417033	3910305315	2	B0	0	5.2060	1.932112	0	True		False	0	False	1789939049.107
gd-tools	w05	2	80417033	3910305315	2	B1	1	5.2031	1.927364	0	True		False	0	False	1789939056.650
gd-tools	w05	2	80417033	3910305315	2	C	2	5.4430	2.048055	0	True	True	False	0	False	1789939064.534
gd-tools	w03	2	945518924	3910305315	2	C	0	27.4871	24.224216	0	True	True	False	0	False	1789939096.121
gd-tools	w03	2	945518924	3910305315	2	B0	1	5.1202	1.964121	0	True		False	0	False	1789939105.393
gd-tools	w03	2	945518924	3910305315	2	B1	2	5.1060	1.961800	0	True		False	0	False	1789939114.743
nano-coverage	w11	2	413727257	3910305315	2	B0	0	3.6825	1.729922	0	True		False	0	False	1789939123.457
nano-coverage	w11	2	413727257	3910305315	2	C	1	8.3101	6.282801	0	True	True	False	0	False	1789939137.452
nano-coverage	w03	2	3544998117	3910305315	2	B0	0	3.9139	2.242777	0	True		False	0	False	1789939145.714
nano-coverage	w03	2	3544998117	3910305315	2	C	1	19.9404	18.313049	0	True	True	False	0	False	1789939170.688
nano-coverage	w05	2	3810895474	3910305315	2	B0	0	3.6700	1.966897	0	True		False	0	False	1789939176.978
nano-coverage	w05	2	3810895474	3910305315	2	C	1	7.3717	5.606684	0	True	True	False	0	False	1789939187.718
gd-tools	w11	2	285233466	3910305315	2	B1	0	5.1945	1.744550	0	True		False	0	False	1789939197.761
gd-tools	w11	2	285233466	3910305315	2	C	1	11.5761	7.881796	0	True	True	False	0	False	1789939214.117
gd-tools	w11	2	285233466	3910305315	2	B0	2	5.2038	1.723949	0	True		False	0	False	1789939224.110
gd-tools	w01	2	3989323108	3910305315	3	C	0	3.4937		0	True	True	False	0	False	1789939230.036
gd-tools	w01	2	3989323108	3910305315	3	B1	1	3.2498		0	True		False	0	False	1789939235.625
gd-tools	w01	2	3989323108	3910305315	3	B0	2	3.2416		0	True		False	0	False	1789939241.204
nano-coverage	w01	2	1417857200	3910305315	3	C	0	1.8429		0	True	True	False	0	False	1789939246.319
nano-coverage	w01	2	1417857200	3910305315	3	B0	1	1.7193		0	True		False	0	False	1789939250.659
gd-tools	w05	2	80417033	3910305315	3	C	0	5.4465	2.043425	0	True	True	False	0	False	1789939258.442
gd-tools	w05	2	80417033	3910305315	3	B1	1	5.2297	1.937643	0	True		False	0	False	1789939266.012
gd-tools	w05	2	80417033	3910305315	3	B0	2	5.2017	1.920498	0	True		False	0	False	1789939273.557
gd-tools	w03	2	945518924	3910305315	3	B1	0	5.1017	1.933454	0	True		False	0	False	1789939282.761
gd-tools	w03	2	945518924	3910305315	3	B0	1	5.0143	1.927451	0	True		False	0	False	1789939291.965
gd-tools	w03	2	945518924	3910305315	3	C	2	27.6096	24.244096	0	True	True	False	0	False	1789939323.640
nano-coverage	w11	2	413727257	3910305315	3	C	0	8.6968	6.246320	0	True	True	False	0	False	1789939338.038
nano-coverage	w11	2	413727257	3910305315	3	B0	1	3.7088	1.741645	0	True		False	0	False	1789939346.796
nano-coverage	w03	2	3544998117	3910305315	3	C	0	20.0719	18.320913	0	True	True	False	0	False	1789939371.985
nano-coverage	w03	2	3544998117	3910305315	3	B0	1	3.5767	1.934630	0	True		False	0	False	1789939379.942
nano-coverage	w05	2	3810895474	3910305315	3	B0	0	3.6864	1.962876	0	True		False	0	False	1789939386.250
nano-coverage	w05	2	3810895474	3910305315	3	C	1	7.5592	5.684232	0	True	True	False	0	False	1789939397.083
gd-tools	w11	2	285233466	3910305315	3	C	0	11.5165	7.838383	0	True	True	False	0	False	1789939413.432
gd-tools	w11	2	285233466	3910305315	3	B0	1	5.1969	1.743998	0	True		False	0	False	1789939423.379
gd-tools	w11	2	285233466	3910305315	3	B1	2	5.3064	1.740983	0	True		False	0	False	1789939433.453
gd-tools	w01	2	3989323108	3910305315	4	B0	0	3.2415		0	True		False	0	False	1789939439.033
gd-tools	w01	2	3989323108	3910305315	4	B1	1	3.2822		0	True		False	0	False	1789939444.744
gd-tools	w01	2	3989323108	3910305315	4	C	2	3.3965		0	True	True	False	0	False	1789939450.475
nano-coverage	w01	2	1417857200	3910305315	4	B0	0	1.7308		0	True		False	0	False	1789939454.917
nano-coverage	w01	2	1417857200	3910305315	4	C	1	1.8320		0	True	True	False	0	False	1789939460.022
gd-tools	w05	2	80417033	3910305315	4	B1	0	5.2031	1.959218	0	True		False	0	False	1789939467.563
gd-tools	w05	2	80417033	3910305315	4	B0	1	5.2022	1.964830	0	True		False	0	False	1789939475.196
gd-tools	w05	2	80417033	3910305315	4	C	2	5.5539	2.053321	0	True	True	False	0	False	1789939483.087
gd-tools	w03	2	945518924	3910305315	4	B0	0	5.0201	1.928383	0	True		False	0	False	1789939492.191
gd-tools	w03	2	945518924	3910305315	4	C	1	27.5745	24.322433	0	True	True	False	0	False	1789939523.848
gd-tools	w03	2	945518924	3910305315	4	B1	2	5.1132	1.949071	0	True		False	0	False	1789939533.084
nano-coverage	w11	2	413727257	3910305315	4	C	0	8.3464	6.344936	0	True	True	False	0	False	1789939547.110
nano-coverage	w11	2	413727257	3910305315	4	B0	1	3.6348	1.725463	0	True		False	0	False	1789939555.890
nano-coverage	w03	2	3544998117	3910305315	4	B0	0	3.6025	1.937515	0	True		False	0	False	1789939563.895
nano-coverage	w03	2	3544998117	3910305315	4	C	1	20.3108	18.621406	0	True	True	False	0	False	1789939589.319
nano-coverage	w05	2	3810895474	3910305315	4	C	0	7.5004	5.671710	0	True	True	False	0	False	1789939600.098
nano-coverage	w05	2	3810895474	3910305315	4	B0	1	3.6530	1.918722	0	True		False	0	False	1789939606.372
gd-tools	w11	2	285233466	3910305315	4	B0	0	5.2325	1.733707	0	True		False	0	False	1789939616.359
gd-tools	w11	2	285233466	3910305315	4	C	1	11.5011	7.856225	0	True	True	False	0	False	1789939632.583
gd-tools	w11	2	285233466	3910305315	4	B1	2	5.2277	1.755464	0	True		False	0	False	1789939642.593
gd-tools	w01	2	3989323108	3910305315	5	B1	0	3.2502		0	True		False	0	False	1789939648.181
gd-tools	w01	2	3989323108	3910305315	5	C	1	3.3956		0	True	True	False	0	False	1789939654.003
gd-tools	w01	2	3989323108	3910305315	5	B0	2	3.2455		0	True		False	0	False	1789939659.584
nano-coverage	w01	2	1417857200	3910305315	5	C	0	1.7802		0	True	True	False	0	False	1789939664.642
nano-coverage	w01	2	1417857200	3910305315	5	B0	1	1.7062		0	True		False	0	False	1789939668.967
gd-tools	w05	2	80417033	3910305315	5	C	0	5.5415	2.068828	0	True	True	False	0	False	1789939676.844
gd-tools	w05	2	80417033	3910305315	5	B0	1	5.2933	1.942882	0	True		False	0	False	1789939684.482
gd-tools	w05	2	80417033	3910305315	5	B1	2	5.2315	1.918403	0	True		False	0	False	1789939692.143
gd-tools	w03	2	945518924	3910305315	5	C	0	27.6734	24.298122	0	True	True	False	0	False	1789939724.005
gd-tools	w03	2	945518924	3910305315	5	B1	1	5.1181	1.948254	0	True		False	0	False	1789939733.255
gd-tools	w03	2	945518924	3910305315	5	B0	2	5.0179	1.928722	0	True		False	0	False	1789939742.462
nano-coverage	w11	2	413727257	3910305315	5	B0	0	3.6412	1.711490	0	True		False	0	False	1789939751.133
nano-coverage	w11	2	413727257	3910305315	5	C	1	8.3913	6.368547	0	True	True	False	0	False	1789939765.204
nano-coverage	w03	2	3544998117	3910305315	5	C	0	21.3092	19.591668	0	True	True	False	0	False	1789939791.554
nano-coverage	w03	2	3544998117	3910305315	5	B0	1	3.6239	1.986453	0	True		False	0	False	1789939799.584
nano-coverage	w05	2	3810895474	3910305315	5	B0	0	3.6548	1.939835	0	True		False	0	False	1789939805.858
nano-coverage	w05	2	3810895474	3910305315	5	C	1	7.4810	5.639201	0	True	True	False	0	False	1789939816.639
gd-tools	w11	2	285233466	3910305315	5	B1	0	5.1955	1.735955	0	True		False	0	False	1789939826.666
gd-tools	w11	2	285233466	3910305315	5	B0	1	5.1979	1.735245	0	True		False	0	False	1789939836.623
gd-tools	w11	2	285233466	3910305315	5	C	2	11.5767	7.884989	0	True	True	False	0	False	1789939853.044
gd-tools	w01	3	965894765	3749737895	0	C	0	3.3853		0	True	True	False	0	False	1789939918.911
gd-tools	w01	3	965894765	3749737895	0	B0	1	3.2439		0	True		False	0	False	1789939924.486
gd-tools	w01	3	965894765	3749737895	0	B1	2	3.2416		0	True		False	0	False	1789939930.062
gd-tools	w03	3	3333550344	3749737895	0	B0	0	5.1290	1.975295	0	True		False	0	False	1789939939.292
gd-tools	w03	3	3333550344	3749737895	0	B1	1	5.2010	2.120254	0	True		False	0	False	1789939948.590
gd-tools	w03	3	3333550344	3749737895	0	C	2	27.6608	24.384298	0	True	True	False	0	False	1789939980.416
nano-coverage	w05	3	4078435251	3749737895	0	C	0	7.3956	5.602762	0	True	True	False	0	False	1789939991.090
nano-coverage	w05	3	4078435251	3749737895	0	B0	1	3.6545	1.959329	0	True		False	0	False	1789939997.366
nano-coverage	w01	3	1402949403	3749737895	0	B0	0	1.6710		0	True		False	0	False	1789940001.659
nano-coverage	w01	3	1402949403	3749737895	0	C	1	1.8514		0	True	True	False	0	False	1789940006.880
nano-coverage	w03	3	2558111383	3749737895	0	B0	0	3.5829	1.977585	0	True		False	0	False	1789940014.864
nano-coverage	w03	3	2558111383	3749737895	0	C	1	20.0350	18.346577	0	True	True	False	0	False	1789940039.957
nano-coverage	w11	3	4172064078	3749737895	0	B0	0	3.7016	1.760105	0	True		False	0	False	1789940048.717
nano-coverage	w11	3	4172064078	3749737895	0	C	1	8.3724	6.329064	0	True	True	False	0	False	1789940062.788
gd-tools	w11	3	3821858639	3749737895	0	C	0	11.3951	7.751289	0	True	True	False	0	False	1789940078.953
gd-tools	w11	3	3821858639	3749737895	0	B1	1	5.2883	1.749456	0	True		False	0	False	1789940089.099
gd-tools	w11	3	3821858639	3749737895	0	B0	2	5.1981	1.742643	0	True		False	0	False	1789940099.065
gd-tools	w05	3	2621348441	3749737895	0	B0	0	5.2994	2.005426	0	True		False	0	False	1789940106.697
gd-tools	w05	3	2621348441	3749737895	0	C	1	5.7275	2.058744	0	True	True	False	0	False	1789940114.878
gd-tools	w05	3	2621348441	3749737895	0	B1	2	5.2007	1.927187	0	True		False	0	False	1789940122.505
gd-tools	w01	3	965894765	3749737895	1	B0	0	3.2770		0	True		False	0	False	1789940128.121
gd-tools	w01	3	965894765	3749737895	1	B1	1	3.2431		0	True		False	0	False	1789940133.700
gd-tools	w01	3	965894765	3749737895	1	C	2	3.5057		0	True	True	False	0	False	1789940139.537
gd-tools	w03	3	3333550344	3749737895	1	C	0	27.3854	24.061703	0	True	True	False	0	False	1789940171.102
gd-tools	w03	3	3333550344	3749737895	1	B0	1	5.1171	1.954264	0	True		False	0	False	1789940180.339
gd-tools	w03	3	3333550344	3749737895	1	B1	2	5.1344	1.936041	0	True		False	0	False	1789940189.683
nano-coverage	w05	3	4078435251	3749737895	1	B0	0	3.7252	1.992156	0	True		False	0	False	1789940196.029
nano-coverage	w05	3	4078435251	3749737895	1	C	1	8.0692	6.290476	0	True	True	False	0	False	1789940207.377
nano-coverage	w01	3	1402949403	3749737895	1	C	0	1.8062		0	True	True	False	0	False	1789940212.460
nano-coverage	w01	3	1402949403	3749737895	1	B0	1	1.7165		0	True		False	0	False	1789940216.792
nano-coverage	w03	3	2558111383	3749737895	1	C	0	22.0463	20.301506	0	True	True	False	0	False	1789940243.904
nano-coverage	w03	3	2558111383	3749737895	1	B0	1	3.5929	1.970117	0	True		False	0	False	1789940251.906
nano-coverage	w11	3	4172064078	3749737895	1	B0	0	3.6532	1.739231	0	True		False	0	False	1789940260.695
nano-coverage	w11	3	4172064078	3749737895	1	C	1	8.5480	6.479338	0	True	True	False	0	False	1789940275.069
gd-tools	w11	3	3821858639	3749737895	1	B1	0	5.2025	1.709693	0	True		False	0	False	1789940285.027
gd-tools	w11	3	3821858639	3749737895	1	C	1	11.5901	7.901885	0	True	True	False	0	False	1789940301.477
gd-tools	w11	3	3821858639	3749737895	1	B0	2	5.2185	1.703902	0	True		False	0	False	1789940311.464
gd-tools	w05	3	2621348441	3749737895	1	B0	0	5.2045	1.943116	0	True		False	0	False	1789940319.005
gd-tools	w05	3	2621348441	3749737895	1	B1	1	5.2098	1.905816	0	True		False	0	False	1789940326.646
gd-tools	w05	3	2621348441	3749737895	1	C	2	5.5593	2.092426	0	True	True	False	0	False	1789940334.542
gd-tools	w01	3	965894765	3749737895	2	B1	0	3.2684		0	True		False	0	False	1789940340.147
gd-tools	w01	3	965894765	3749737895	2	B0	1	3.3376		0	True		False	0	False	1789940345.823
gd-tools	w01	3	965894765	3749737895	2	C	2	3.3969		0	True	True	False	0	False	1789940351.565
gd-tools	w03	3	3333550344	3749737895	2	B1	0	5.1051	1.972811	0	True		False	0	False	1789940360.768
gd-tools	w03	3	3333550344	3749737895	2	C	1	27.1110	23.760412	0	True	True	False	0	False	1789940391.973
gd-tools	w03	3	3333550344	3749737895	2	B0	2	5.1089	1.930290	0	True		False	0	False	1789940401.148
nano-coverage	w05	3	4078435251	3749737895	2	C	0	7.3463	5.527192	0	True	True	False	0	False	1789940411.772
nano-coverage	w05	3	4078435251	3749737895	2	B0	1	3.7093	1.964845	0	True		False	0	False	1789940418.103
nano-coverage	w01	3	1402949403	3749737895	2	C	0	1.7771		0	True	True	False	0	False	1789940423.157
nano-coverage	w01	3	1402949403	3749737895	2	B0	1	1.7306		0	True		False	0	False	1789940427.516
nano-coverage	w03	3	2558111383	3749737895	2	B0	0	3.6488	1.935393	0	True		False	0	False	1789940435.557
nano-coverage	w03	3	2558111383	3749737895	2	C	1	20.2058	18.498437	0	True	True	False	0	False	1789940460.925
nano-coverage	w11	3	4172064078	3749737895	2	C	0	8.4790	6.472957	0	True	True	False	0	False	1789940475.131
nano-coverage	w11	3	4172064078	3749737895	2	B0	1	3.7053	1.747676	0	True		False	0	False	1789940483.872
gd-tools	w11	3	3821858639	3749737895	2	B0	0	5.1980	1.723495	0	True		False	0	False	1789940493.813
gd-tools	w11	3	3821858639	3749737895	2	C	1	11.4955	7.830102	0	True	True	False	0	False	1789940510.056
gd-tools	w11	3	3821858639	3749737895	2	B1	2	5.2009	1.739465	0	True		False	0	False	1789940519.987
gd-tools	w05	3	2621348441	3749737895	2	C	0	5.5443	2.048250	0	True	True	False	0	False	1789940527.867
gd-tools	w05	3	2621348441	3749737895	2	B1	1	5.2027	1.933173	0	True		False	0	False	1789940535.407
gd-tools	w05	3	2621348441	3749737895	2	B0	2	5.2427	1.910649	0	True		False	0	False	1789940542.987
gd-tools	w01	3	965894765	3749737895	3	C	0	3.3875		0	True	True	False	0	False	1789940548.713
gd-tools	w01	3	965894765	3749737895	3	B1	1	3.2518		0	True		False	0	False	1789940554.314
gd-tools	w01	3	965894765	3749737895	3	B0	2	3.2489		0	True		False	0	False	1789940559.899
gd-tools	w03	3	3333550344	3749737895	3	C	0	27.3153	24.017013	0	True	True	False	0	False	1789940591.325
gd-tools	w03	3	3333550344	3749737895	3	B1	1	5.1457	1.937088	0	True		False	0	False	1789940600.546
gd-tools	w03	3	3333550344	3749737895	3	B0	2	5.1089	2.006813	0	True		False	0	False	1789940609.736
nano-coverage	w05	3	4078435251	3749737895	3	B0	0	3.7178	1.973851	0	True		False	0	False	1789940616.165
nano-coverage	w05	3	4078435251	3749737895	3	C	1	7.4059	5.601262	0	True	True	False	0	False	1789940626.941
nano-coverage	w01	3	1402949403	3749737895	3	C	0	1.7687		0	True	True	False	0	False	1789940631.986
nano-coverage	w01	3	1402949403	3749737895	3	B0	1	1.7091		0	True		False	0	False	1789940636.316
nano-coverage	w03	3	2558111383	3749737895	3	B0	0	3.6268	1.990405	0	True		False	0	False	1789940644.332
nano-coverage	w03	3	2558111383	3749737895	3	C	1	21.4196	19.677145	0	True	True	False	0	False	1789940670.790
nano-coverage	w11	3	4172064078	3749737895	3	B0	0	3.7207	1.754489	0	True		False	0	False	1789940679.564
nano-coverage	w11	3	4172064078	3749737895	3	C	1	8.5767	6.533086	0	True	True	False	0	False	1789940693.810
gd-tools	w11	3	3821858639	3749737895	3	B1	0	5.2001	1.699023	0	True		False	0	False	1789940703.773
gd-tools	w11	3	3821858639	3749737895	3	B0	1	5.1979	1.747358	0	True		False	0	False	1789940713.697
gd-tools	w11	3	3821858639	3749737895	3	C	2	11.3962	7.748824	0	True	True	False	0	False	1789940729.870
gd-tools	w05	3	2621348441	3749737895	3	B1	0	5.2017	1.910979	0	True		False	0	False	1789940737.408
gd-tools	w05	3	2621348441	3749737895	3	C	1	5.4569	2.035960	0	True	True	False	0	False	1789940745.203
gd-tools	w05	3	2621348441	3749737895	3	B0	2	5.2029	1.924513	0	True		False	0	False	1789940752.745
gd-tools	w01	3	965894765	3749737895	4	B1	0	3.2568		0	True		False	0	False	1789940758.340
gd-tools	w01	3	965894765	3749737895	4	C	1	3.3978		0	True	True	False	0	False	1789940764.169
gd-tools	w01	3	965894765	3749737895	4	B0	2	3.2422		0	True		False	0	False	1789940769.753
gd-tools	w03	3	3333550344	3749737895	4	B1	0	5.1030	1.962226	0	True		False	0	False	1789940778.955
gd-tools	w03	3	3333550344	3749737895	4	B0	1	5.1302	1.972762	0	True		False	0	False	1789940788.180
gd-tools	w03	3	3333550344	3749737895	4	C	2	27.2057	23.926512	0	True	True	False	0	False	1789940819.608
nano-coverage	w05	3	4078435251	3749737895	4	B0	0	3.7519	1.994981	0	True		False	0	False	1789940825.982
nano-coverage	w05	3	4078435251	3749737895	4	C	1	8.1426	6.346823	0	True	True	False	0	False	1789940837.401
nano-coverage	w01	3	1402949403	3749737895	4	B0	0	1.7562		0	True		False	0	False	1789940841.777
nano-coverage	w01	3	1402949403	3749737895	4	C	1	1.8290		0	True	True	False	0	False	1789940846.882
nano-coverage	w03	3	2558111383	3749737895	4	C	0	20.1923	18.485979	0	True	True	False	0	False	1789940872.125
nano-coverage	w03	3	2558111383	3749737895	4	B0	1	3.6342	1.966592	0	True		False	0	False	1789940880.177
nano-coverage	w11	3	4172064078	3749737895	4	C	0	8.6832	6.641937	0	True	True	False	0	False	1789940894.678
nano-coverage	w11	3	4172064078	3749737895	4	B0	1	3.7007	1.754105	0	True		False	0	False	1789940903.440
gd-tools	w11	3	3821858639	3749737895	4	C	0	11.4946	7.866343	0	True	True	False	0	False	1789940919.775
gd-tools	w11	3	3821858639	3749737895	4	B0	1	5.2013	1.718219	0	True		False	0	False	1789940929.719
gd-tools	w11	3	3821858639	3749737895	4	B1	2	5.2331	1.718079	0	True		False	0	False	1789940939.735
gd-tools	w05	3	2621348441	3749737895	4	C	0	5.4653	2.006598	0	True	True	False	0	False	1789940947.536
gd-tools	w05	3	2621348441	3749737895	4	B0	1	5.2142	1.952711	0	True		False	0	False	1789940955.088
gd-tools	w05	3	2621348441	3749737895	4	B1	2	5.2044	1.907282	0	True		False	0	False	1789940962.629
gd-tools	w01	3	965894765	3749737895	5	B0	0	3.2484		0	True		False	0	False	1789940968.304
gd-tools	w01	3	965894765	3749737895	5	C	1	3.4077		0	True	True	False	0	False	1789940974.049
gd-tools	w01	3	965894765	3749737895	5	B1	2	3.2433		0	True		False	0	False	1789940979.625
gd-tools	w03	3	3333550344	3749737895	5	B0	0	5.1079	1.927385	0	True		False	0	False	1789940988.831
gd-tools	w03	3	3333550344	3749737895	5	C	1	27.1345	23.839544	0	True	True	False	0	False	1789941020.070
gd-tools	w03	3	3333550344	3749737895	5	B1	2	5.1087	1.911642	0	True		False	0	False	1789941029.266
nano-coverage	w05	3	4078435251	3749737895	5	C	0	7.5894	5.771495	0	True	True	False	0	False	1789941040.142
nano-coverage	w05	3	4078435251	3749737895	5	B0	1	3.7329	1.959234	0	True		False	0	False	1789941046.493
nano-coverage	w01	3	1402949403	3749737895	5	B0	0	1.7556		0	True		False	0	False	1789941050.960
nano-coverage	w01	3	1402949403	3749737895	5	C	1	1.7466		0	True	True	False	0	False	1789941055.984
nano-coverage	w03	3	2558111383	3749737895	5	C	0	20.9984	19.275572	0	True	True	False	0	False	1789941082.037
nano-coverage	w03	3	2558111383	3749737895	5	B0	1	3.5406	1.919663	0	True		False	0	False	1789941089.941
nano-coverage	w11	3	4172064078	3749737895	5	C	0	8.2507	6.263612	0	True	True	False	0	False	1789941103.908
nano-coverage	w11	3	4172064078	3749737895	5	B0	1	3.7498	1.748838	0	True		False	0	False	1789941112.698
gd-tools	w11	3	3821858639	3749737895	5	B0	0	5.2021	1.725775	0	True		False	0	False	1789941122.622
gd-tools	w11	3	3821858639	3749737895	5	B1	1	5.2138	1.725218	0	True		False	0	False	1789941132.567
gd-tools	w11	3	3821858639	3749737895	5	C	2	11.5172	7.878190	0	True	True	False	0	False	1789941148.812
gd-tools	w05	3	2621348441	3749737895	5	B1	0	5.3020	1.970410	0	True		False	0	False	1789941156.457
gd-tools	w05	3	2621348441	3749737895	5	B0	1	5.1984	1.928238	0	True		False	0	False	1789941163.995
gd-tools	w05	3	2621348441	3749737895	5	C	2	5.5472	2.058672	0	True	True	False	0	False	1789941171.880
nano-coverage	w03	4	1548433285	251795669	0	C	0	20.3204	18.637758	0	True	True	False	0	False	1789941257.382
nano-coverage	w03	4	1548433285	251795669	0	B0	1	3.6400	1.952636	0	True		False	0	False	1789941265.404
gd-tools	w01	4	1511808928	251795669	0	B0	0	3.2484		0	True		False	0	False	1789941270.991
gd-tools	w01	4	1511808928	251795669	0	B1	1	3.2462		0	True		False	0	False	1789941276.571
gd-tools	w01	4	1511808928	251795669	0	C	2	3.3976		0	True	True	False	0	False	1789941282.307
gd-tools	w11	4	3880832674	251795669	0	C	0	11.6734	7.912536	0	True	True	False	0	False	1789941298.828
gd-tools	w11	4	3880832674	251795669	0	B1	1	5.2958	1.731410	0	True		False	0	False	1789941308.857
gd-tools	w11	4	3880832674	251795669	0	B0	2	5.2065	1.707799	0	True		False	0	False	1789941318.798
gd-tools	w03	4	1119226850	251795669	0	B0	0	5.1004	1.944705	0	True		False	0	False	1789941328.032
gd-tools	w03	4	1119226850	251795669	0	B1	1	5.1180	1.928475	0	True		False	0	False	1789941337.239
gd-tools	w03	4	1119226850	251795669	0	C	2	27.1262	23.806642	0	True	True	False	0	False	1789941368.497
gd-tools	w05	4	762279462	251795669	0	C	0	5.5387	2.067078	0	True	True	False	0	False	1789941376.467
gd-tools	w05	4	762279462	251795669	0	B1	1	5.1992	1.925999	0	True		False	0	False	1789941384.016
gd-tools	w05	4	762279462	251795669	0	B0	2	5.2170	1.914585	0	True		False	0	False	1789941391.565
nano-coverage	w05	4	4178421986	251795669	0	C	0	8.1681	6.395535	0	True	True	False	0	False	1789941403.008
nano-coverage	w05	4	4178421986	251795669	0	B0	1	3.6326	1.918546	0	True		False	0	False	1789941409.279
nano-coverage	w11	4	4161760087	251795669	0	B0	0	3.6536	1.743474	0	True		False	0	False	1789941418.001
nano-coverage	w11	4	4161760087	251795669	0	C	1	8.4561	6.468513	0	True	True	False	0	False	1789941432.162
nano-coverage	w01	4	2474831153	251795669	0	B0	0	1.6938		0	True		False	0	False	1789941436.478
nano-coverage	w01	4	2474831153	251795669	0	C	1	1.8308		0	True	True	False	0	False	1789941441.585
nano-coverage	w03	4	1548433285	251795669	1	C	0	20.1139	18.362163	0	True	True	False	0	False	1789941466.779
nano-coverage	w03	4	1548433285	251795669	1	B0	1	3.5399	1.938703	0	True		False	0	False	1789941474.696
gd-tools	w01	4	1511808928	251795669	1	C	0	3.4126		0	True	True	False	0	False	1789941480.444
gd-tools	w01	4	1511808928	251795669	1	B1	1	3.1583		0	True		False	0	False	1789941486.034
gd-tools	w01	4	1511808928	251795669	1	B0	2	3.2424		0	True		False	0	False	1789941491.607
gd-tools	w11	4	3880832674	251795669	1	B1	0	5.2955	1.748160	0	True		False	0	False	1789941501.681
gd-tools	w11	4	3880832674	251795669	1	C	1	11.3922	7.741423	0	True	True	False	0	False	1789941517.920
gd-tools	w11	4	3880832674	251795669	1	B0	2	5.2890	1.749952	0	True		False	0	False	1789941527.988
gd-tools	w03	4	1119226850	251795669	1	B1	0	5.1111	2.000224	0	True		False	0	False	1789941537.352
gd-tools	w03	4	1119226850	251795669	1	B0	1	5.0121	1.905103	0	True		False	0	False	1789941546.489
gd-tools	w03	4	1119226850	251795669	1	C	2	27.5734	24.311945	0	True	True	False	0	False	1789941578.157
gd-tools	w05	4	762279462	251795669	1	B1	0	5.2093	1.954250	0	True		False	0	False	1789941585.701
gd-tools	w05	4	762279462	251795669	1	C	1	5.4478	2.015505	0	True	True	False	0	False	1789941593.498
gd-tools	w05	4	762279462	251795669	1	B0	2	5.1963	1.928208	0	True		False	0	False	1789941601.045
nano-coverage	w05	4	4178421986	251795669	1	B0	0	5.2147	1.955007	0	True		False	0	False	1789941608.877
nano-coverage	w05	4	4178421986	251795669	1	C	1	7.4238	5.634169	0	True	True	False	0	False	1789941619.577
nano-coverage	w11	4	4161760087	251795669	1	C	0	8.3976	6.392023	0	True	True	False	0	False	1789941633.679
nano-coverage	w11	4	4161760087	251795669	1	B0	1	3.6753	1.748465	0	True		False	0	False	1789941642.426
nano-coverage	w01	4	2474831153	251795669	1	B0	0	1.7042		0	True		False	0	False	1789941646.750
nano-coverage	w01	4	2474831153	251795669	1	C	1	1.7648		0	True	True	False	0	False	1789941651.888
nano-coverage	w03	4	1548433285	251795669	2	B0	0	3.5591	1.961213	0	True		False	0	False	1789941659.858
nano-coverage	w03	4	1548433285	251795669	2	C	1	21.2021	19.535912	0	True	True	False	0	False	1789941686.121
gd-tools	w01	4	1511808928	251795669	2	B0	0	3.2828		0	True		False	0	False	1789941691.742
gd-tools	w01	4	1511808928	251795669	2	C	1	3.4040		0	True	True	False	0	False	1789941697.480
gd-tools	w01	4	1511808928	251795669	2	B1	2	3.2485		0	True		False	0	False	1789941703.082
gd-tools	w11	4	3880832674	251795669	2	B0	0	5.2081	1.726886	0	True		False	0	False	1789941713.050
gd-tools	w11	4	3880832674	251795669	2	B1	1	5.2115	1.742881	0	True		False	0	False	1789941723.029
gd-tools	w11	4	3880832674	251795669	2	C	2	11.3231	7.700217	0	True	True	False	0	False	1789941739.092
gd-tools	w03	4	1119226850	251795669	2	C	0	27.2203	23.875024	0	True	True	False	0	False	1789941770.451
gd-tools	w03	4	1119226850	251795669	2	B0	1	5.1098	1.948892	0	True		False	0	False	1789941779.696
gd-tools	w03	4	1119226850	251795669	2	B1	2	5.1196	1.931544	0	True		False	0	False	1789941789.051
gd-tools	w05	4	762279462	251795669	2	C	0	5.4436	2.031636	0	True	True	False	0	False	1789941796.924
gd-tools	w05	4	762279462	251795669	2	B0	1	5.1953	1.955854	0	True		False	0	False	1789941804.454
gd-tools	w05	4	762279462	251795669	2	B1	2	5.2006	1.918955	0	True		False	0	False	1789941811.989
nano-coverage	w05	4	4178421986	251795669	2	C	0	7.5650	5.703140	0	True	True	False	0	False	1789941822.830
nano-coverage	w05	4	4178421986	251795669	2	B0	1	3.6250	1.925374	0	True		False	0	False	1789941829.073
nano-coverage	w11	4	4161760087	251795669	2	B0	0	3.6786	1.717782	0	True		False	0	False	1789941837.821
nano-coverage	w11	4	4161760087	251795669	2	C	1	8.5494	6.435067	0	True	True	False	0	False	1789941852.049
nano-coverage	w01	4	2474831153	251795669	2	B0	0	1.7016		0	True		False	0	False	1789941856.371
nano-coverage	w01	4	2474831153	251795669	2	C	1	1.7940		0	True	True	False	0	False	1789941861.440
nano-coverage	w03	4	1548433285	251795669	3	C	0	20.3506	18.603622	0	True	True	False	0	False	1789941886.838
nano-coverage	w03	4	1548433285	251795669	3	B0	1	3.5776	1.956123	0	True		False	0	False	1789941894.812
gd-tools	w01	4	1511808928	251795669	3	B1	0	3.2480		0	True		False	0	False	1789941900.403
gd-tools	w01	4	1511808928	251795669	3	B0	1	3.2440		0	True		False	0	False	1789941905.980
gd-tools	w01	4	1511808928	251795669	3	C	2	3.3862		0	True	True	False	0	False	1789941911.700
gd-tools	w11	4	3880832674	251795669	3	B0	0	5.1971	1.748831	0	True		False	0	False	1789941921.725
gd-tools	w11	4	3880832674	251795669	3	C	1	11.3947	7.745664	0	True	True	False	0	False	1789941937.859
gd-tools	w11	4	3880832674	251795669	3	B1	2	5.2046	1.728112	0	True		False	0	False	1789941947.818
gd-tools	w03	4	1119226850	251795669	3	B1	0	5.1010	1.963054	0	True		False	0	False	1789941956.969
gd-tools	w03	4	1119226850	251795669	3	C	1	27.2222	23.919090	0	True	True	False	0	False	1789941988.273
gd-tools	w03	4	1119226850	251795669	3	B0	2	5.1439	1.947778	0	True		False	0	False	1789941997.627
gd-tools	w05	4	762279462	251795669	3	B1	0	5.1992	1.961354	0	True		False	0	False	1789942005.165
gd-tools	w05	4	762279462	251795669	3	B0	1	5.2260	1.938982	0	True		False	0	False	1789942012.821
gd-tools	w05	4	762279462	251795669	3	C	2	5.5361	2.075379	0	True	True	False	0	False	1789942020.696
nano-coverage	w05	4	4178421986	251795669	3	C	0	8.1712	6.339472	0	True	True	False	0	False	1789942032.145
nano-coverage	w05	4	4178421986	251795669	3	B0	1	3.6980	1.944603	0	True		False	0	False	1789942038.459
nano-coverage	w11	4	4161760087	251795669	3	B0	0	3.6879	1.740397	0	True		False	0	False	1789942047.182
nano-coverage	w11	4	4161760087	251795669	3	C	1	9.1710	7.179613	0	True	True	False	0	False	1789942062.076
nano-coverage	w01	4	2474831153	251795669	3	C	0	1.8548		0	True	True	False	0	False	1789942067.209
nano-coverage	w01	4	2474831153	251795669	3	B0	1	1.6719		0	True		False	0	False	1789942071.508
nano-coverage	w03	4	1548433285	251795669	4	B0	0	3.5199	1.923044	0	True		False	0	False	1789942079.531
nano-coverage	w03	4	1548433285	251795669	4	C	1	20.3679	18.640866	0	True	True	False	0	False	1789942104.979
gd-tools	w01	4	1511808928	251795669	4	C	0	3.5020		0	True	True	False	0	False	1789942110.814
gd-tools	w01	4	1511808928	251795669	4	B0	1	3.3463		0	True		False	0	False	1789942116.498
gd-tools	w01	4	1511808928	251795669	4	B1	2	3.2657		0	True		False	0	False	1789942122.103
gd-tools	w11	4	3880832674	251795669	4	C	0	11.5812	7.870866	0	True	True	False	0	False	1789942138.439
gd-tools	w11	4	3880832674	251795669	4	B0	1	5.1972	1.741698	0	True		False	0	False	1789942148.402
gd-tools	w11	4	3880832674	251795669	4	B1	2	5.2931	1.758095	0	True		False	0	False	1789942158.564
gd-tools	w03	4	1119226850	251795669	4	B0	0	5.0096	1.917482	0	True		False	0	False	1789942167.811
gd-tools	w03	4	1119226850	251795669	4	C	1	27.6156	24.311112	0	True	True	False	0	False	1789942199.542
gd-tools	w03	4	1119226850	251795669	4	B1	2	5.0140	1.911395	0	True		False	0	False	1789942208.770
gd-tools	w05	4	762279462	251795669	4	B0	0	5.3005	1.980373	0	True		False	0	False	1789942216.410
gd-tools	w05	4	762279462	251795669	4	C	1	5.4331	2.028138	0	True	True	False	0	False	1789942224.183
gd-tools	w05	4	762279462	251795669	4	B1	2	5.2155	1.926869	0	True		False	0	False	1789942231.734
nano-coverage	w05	4	4178421986	251795669	4	B0	0	3.6925	1.941598	0	True		False	0	False	1789942238.058
nano-coverage	w05	4	4178421986	251795669	4	C	1	7.3862	5.591295	0	True	True	False	0	False	1789942248.722
nano-coverage	w11	4	4161760087	251795669	4	C	0	8.6687	6.652775	0	True	True	False	0	False	1789942263.128
nano-coverage	w11	4	4161760087	251795669	4	B0	1	3.7001	1.744224	0	True		False	0	False	1789942271.858
nano-coverage	w01	4	2474831153	251795669	4	C	0	1.8497		0	True	True	False	0	False	1789942276.983
nano-coverage	w01	4	2474831153	251795669	4	B0	1	1.6916		0	True		False	0	False	1789942281.393
nano-coverage	w03	4	1548433285	251795669	5	B0	0	3.5464	1.940446	0	True		False	0	False	1789942289.393
nano-coverage	w03	4	1548433285	251795669	5	C	1	20.0986	18.371235	0	True	True	False	0	False	1789942314.471
gd-tools	w01	4	1511808928	251795669	5	B1	0	3.2434		0	True		False	0	False	1789942320.056
gd-tools	w01	4	1511808928	251795669	5	C	1	3.4248		0	True	True	False	0	False	1789942325.820
gd-tools	w01	4	1511808928	251795669	5	B0	2	3.2457		0	True		False	0	False	1789942331.401
gd-tools	w11	4	3880832674	251795669	5	B1	0	5.3061	1.750813	0	True		False	0	False	1789942341.452
gd-tools	w11	4	3880832674	251795669	5	B0	1	5.2080	1.724036	0	True		False	0	False	1789942351.492
gd-tools	w11	4	3880832674	251795669	5	C	2	11.6889	7.947708	0	True	True	False	0	False	1789942367.925
gd-tools	w03	4	1119226850	251795669	5	C	0	27.5917	24.263536	0	True	True	False	0	False	1789942399.624
gd-tools	w03	4	1119226850	251795669	5	B1	1	5.1072	1.939387	0	True		False	0	False	1789942408.824
gd-tools	w03	4	1119226850	251795669	5	B0	2	5.1077	1.935038	0	True		False	0	False	1789942418.008
gd-tools	w05	4	762279462	251795669	5	B0	0	5.2062	1.932850	0	True		False	0	False	1789942425.558
gd-tools	w05	4	762279462	251795669	5	B1	1	5.1956	1.949610	0	True		False	0	False	1789942433.096
gd-tools	w05	4	762279462	251795669	5	C	2	5.4535	2.035955	0	True	True	False	0	False	1789942440.887
nano-coverage	w05	4	4178421986	251795669	5	B0	0	3.6713	1.931589	0	True		False	0	False	1789942447.175
nano-coverage	w05	4	4178421986	251795669	5	C	1	7.4291	5.583627	0	True	True	False	0	False	1789942457.882
nano-coverage	w11	4	4161760087	251795669	5	C	0	8.4602	6.431920	0	True	True	False	0	False	1789942472.007
nano-coverage	w11	4	4161760087	251795669	5	B0	1	3.7189	1.731804	0	True		False	0	False	1789942480.778
nano-coverage	w01	4	2474831153	251795669	5	C	0	1.8162		0	True	True	False	0	False	1789942485.874
nano-coverage	w01	4	2474831153	251795669	5	B0	1	1.7455		0	True		False	0	False	1789942490.332
nano-coverage	w11	5	44310729	2767940968	0	B0	0	3.7138	1.769875	0	True		False	0	False	1789942559.188
nano-coverage	w11	5	44310729	2767940968	0	C	1	8.2109	6.241409	0	True	True	False	0	False	1789942573.108
gd-tools	w03	5	417074996	2767940968	0	C	0	27.1147	23.783294	0	True	True	False	0	False	1789942604.316
gd-tools	w03	5	417074996	2767940968	0	B1	1	5.1093	1.951022	0	True		False	0	False	1789942613.538
gd-tools	w03	5	417074996	2767940968	0	B0	2	5.0140	1.917071	0	True		False	0	False	1789942622.663
gd-tools	w11	5	4170509035	2767940968	0	B0	0	5.2188	1.712079	0	True		False	0	False	1789942632.655
gd-tools	w11	5	4170509035	2767940968	0	B1	1	5.2119	1.710082	0	True		False	0	False	1789942642.744
gd-tools	w11	5	4170509035	2767940968	0	C	2	11.4008	7.709746	0	True	True	False	0	False	1789942658.886
gd-tools	w05	5	10344129	2767940968	0	B1	0	5.2001	1.915764	0	True		False	0	False	1789942666.426
gd-tools	w05	5	10344129	2767940968	0	C	1	5.4639	2.039997	0	True	True	False	0	False	1789942674.231
gd-tools	w05	5	10344129	2767940968	0	B0	2	5.1970	1.906288	0	True		False	0	False	1789942681.763
nano-coverage	w03	5	1002713481	2767940968	0	B0	0	3.5773	1.914237	0	True		False	0	False	1789942689.720
nano-coverage	w03	5	1002713481	2767940968	0	C	1	19.9537	18.249426	0	True	True	False	0	False	1789942714.686
gd-tools	w01	5	4195812747	2767940968	0	B1	0	3.4398		0	True		False	0	False	1789942720.459
gd-tools	w01	5	4195812747	2767940968	0	B0	1	3.2472		0	True		False	0	False	1789942726.045
gd-tools	w01	5	4195812747	2767940968	0	C	2	3.3978		0	True	True	False	0	False	1789942731.877
nano-coverage	w01	5	3249208919	2767940968	0	B0	0	1.7347		0	True		False	0	False	1789942736.240
nano-coverage	w01	5	3249208919	2767940968	0	C	1	1.8651		0	True	True	False	0	False	1789942741.385
nano-coverage	w05	5	110520781	2767940968	0	B0	0	3.7357	1.959743	0	True		False	0	False	1789942747.740
nano-coverage	w05	5	110520781	2767940968	0	C	1	7.5474	5.682409	0	True	True	False	0	False	1789942758.564
nano-coverage	w11	5	44310729	2767940968	1	C	0	8.6181	6.555816	0	True	True	False	0	False	1789942772.893
nano-coverage	w11	5	44310729	2767940968	1	B0	1	3.6744	1.758559	0	True		False	0	False	1789942781.590
gd-tools	w03	5	417074996	2767940968	1	B1	0	5.1095	1.934005	0	True		False	0	False	1789942790.795
gd-tools	w03	5	417074996	2767940968	1	C	1	27.3150	24.038301	0	True	True	False	0	False	1789942822.212
gd-tools	w03	5	417074996	2767940968	1	B0	2	5.1046	1.939907	0	True		False	0	False	1789942831.532
gd-tools	w11	5	4170509035	2767940968	1	B1	0	5.3088	1.753493	0	True		False	0	False	1789942841.608
gd-tools	w11	5	4170509035	2767940968	1	C	1	11.5766	7.878004	0	True	True	False	0	False	1789942858.053
gd-tools	w11	5	4170509035	2767940968	1	B0	2	5.1959	1.719625	0	True		False	0	False	1789942868.006
gd-tools	w05	5	10344129	2767940968	1	C	0	5.5513	2.053473	0	True	True	False	0	False	1789942875.891
gd-tools	w05	5	10344129	2767940968	1	B1	1	5.2020	1.944426	0	True		False	0	False	1789942883.427
gd-tools	w05	5	10344129	2767940968	1	B0	2	5.2310	1.937770	0	True		False	0	False	1789942890.996
nano-coverage	w03	5	1002713481	2767940968	1	B0	0	3.5545	1.937921	0	True		False	0	False	1789942898.916
nano-coverage	w03	5	1002713481	2767940968	1	C	1	21.5365	19.809098	0	True	True	False	0	False	1789942925.530
gd-tools	w01	5	4195812747	2767940968	1	C	0	3.5131		0	True	True	False	0	False	1789942931.377
gd-tools	w01	5	4195812747	2767940968	1	B1	1	3.2540		0	True		False	0	False	1789942936.965
gd-tools	w01	5	4195812747	2767940968	1	B0	2	3.2635		0	True		False	0	False	1789942942.564
nano-coverage	w01	5	3249208919	2767940968	1	B0	0	1.7514		0	True		False	0	False	1789942946.944
nano-coverage	w01	5	3249208919	2767940968	1	C	1	1.7937		0	True	True	False	0	False	1789942952.017
nano-coverage	w05	5	110520781	2767940968	1	B0	0	3.6546	1.920331	0	True		False	0	False	1789942958.382
nano-coverage	w05	5	110520781	2767940968	1	C	1	7.5122	5.679473	0	True	True	False	0	False	1789942969.176
nano-coverage	w11	5	44310729	2767940968	2	C	0	8.2678	6.256393	0	True	True	False	0	False	1789942983.161
nano-coverage	w11	5	44310729	2767940968	2	B0	1	3.7435	1.776229	0	True		False	0	False	1789942991.951
gd-tools	w03	5	417074996	2767940968	2	B0	0	5.1093	1.955219	0	True		False	0	False	1789943001.128
gd-tools	w03	5	417074996	2767940968	2	B1	1	5.1052	1.949271	0	True		False	0	False	1789943010.339
gd-tools	w03	5	417074996	2767940968	2	C	2	27.5698	24.262701	0	True	True	False	0	False	1789943042.120
gd-tools	w11	5	4170509035	2767940968	2	B1	0	5.2903	1.738399	0	True		False	0	False	1789943052.179
gd-tools	w11	5	4170509035	2767940968	2	B0	1	5.1979	1.739784	0	True		False	0	False	1789943062.155
gd-tools	w11	5	4170509035	2767940968	2	C	2	11.4962	7.821528	0	True	True	False	0	False	1789943078.400
gd-tools	w05	5	10344129	2767940968	2	B1	0	5.2073	1.944227	0	True		False	0	False	1789943085.963
gd-tools	w05	5	10344129	2767940968	2	B0	1	5.2101	1.908757	0	True		False	0	False	1789943093.512
gd-tools	w05	5	10344129	2767940968	2	C	2	5.4557	2.017974	0	True	True	False	0	False	1789943101.310
nano-coverage	w03	5	1002713481	2767940968	2	B0	0	3.5462	1.920357	0	True		False	0	False	1789943109.241
nano-coverage	w03	5	1002713481	2767940968	2	C	1	21.3328	19.634728	0	True	True	False	0	False	1789943135.568
gd-tools	w01	5	4195812747	2767940968	2	B0	0	3.2558		0	True		False	0	False	1789943141.159
gd-tools	w01	5	4195812747	2767940968	2	C	1	3.3891		0	True	True	False	0	False	1789943146.977
gd-tools	w01	5	4195812747	2767940968	2	B1	2	3.2523		0	True		False	0	False	1789943152.560
nano-coverage	w01	5	3249208919	2767940968	2	B0	0	1.7405		0	True		False	0	False	1789943156.919
nano-coverage	w01	5	3249208919	2767940968	2	C	1	1.7674		0	True	True	False	0	False	1789943162.052
nano-coverage	w05	5	110520781	2767940968	2	B0	0	3.6861	1.944735	0	True		False	0	False	1789943168.358
nano-coverage	w05	5	110520781	2767940968	2	C	1	7.3992	5.575219	0	True	True	False	0	False	1789943179.038
nano-coverage	w11	5	44310729	2767940968	3	C	0	8.6012	6.494142	0	True	True	False	0	False	1789943193.349
nano-coverage	w11	5	44310729	2767940968	3	B0	1	3.7127	1.747248	0	True		False	0	False	1789943202.176
gd-tools	w03	5	417074996	2767940968	3	C	0	27.0192	23.719496	0	True	True	False	0	False	1789943233.308
gd-tools	w03	5	417074996	2767940968	3	B0	1	5.1017	1.948884	0	True		False	0	False	1789943242.490
gd-tools	w03	5	417074996	2767940968	3	B1	2	5.1056	1.942425	0	True		False	0	False	1789943251.707
gd-tools	w11	5	4170509035	2767940968	3	C	0	11.5738	7.890690	0	True	True	False	0	False	1789943268.050
gd-tools	w11	5	4170509035	2767940968	3	B0	1	5.1969	1.723626	0	True		False	0	False	1789943278.026
gd-tools	w11	5	4170509035	2767940968	3	B1	2	5.2866	1.749478	0	True		False	0	False	1789943288.050
gd-tools	w05	5	10344129	2767940968	3	B0	0	5.1035	1.908094	0	True		False	0	False	1789943295.485
gd-tools	w05	5	10344129	2767940968	3	B1	1	5.1960	1.905992	0	True		False	0	False	1789943303.111
gd-tools	w05	5	10344129	2767940968	3	C	2	5.5424	2.039677	0	True	True	False	0	False	1789943310.990
nano-coverage	w03	5	1002713481	2767940968	3	C	0	20.0635	18.340777	0	True	True	False	0	False	1789943336.078
nano-coverage	w03	5	1002713481	2767940968	3	B0	1	3.5812	1.972238	0	True		False	0	False	1789943344.017
gd-tools	w01	5	4195812747	2767940968	3	B0	0	3.2546		0	True		False	0	False	1789943349.609
gd-tools	w01	5	4195812747	2767940968	3	B1	1	3.2540		0	True		False	0	False	1789943355.196
gd-tools	w01	5	4195812747	2767940968	3	C	2	3.3931		0	True	True	False	0	False	1789943361.019
nano-coverage	w01	5	3249208919	2767940968	3	C	0	1.7940		0	True	True	False	0	False	1789943366.086
nano-coverage	w01	5	3249208919	2767940968	3	B0	1	1.7173		0	True		False	0	False	1789943370.419
nano-coverage	w05	5	110520781	2767940968	3	C	0	7.3946	5.645175	0	True	True	False	0	False	1789943381.089
nano-coverage	w05	5	110520781	2767940968	3	B0	1	3.6909	1.947821	0	True		False	0	False	1789943387.401
nano-coverage	w11	5	44310729	2767940968	4	B0	0	3.6658	1.731925	0	True		False	0	False	1789943396.101
nano-coverage	w11	5	44310729	2767940968	4	C	1	8.4508	6.429207	0	True	True	False	0	False	1789943410.342
gd-tools	w03	5	417074996	2767940968	4	B0	0	5.1036	1.936882	0	True		False	0	False	1789943419.563
gd-tools	w03	5	417074996	2767940968	4	C	1	27.7667	24.428910	0	True	True	False	0	False	1789943451.416
gd-tools	w03	5	417074996	2767940968	4	B1	2	5.1057	1.921282	0	True		False	0	False	1789943460.722
gd-tools	w11	5	4170509035	2767940968	4	B0	0	5.2952	1.763726	0	True		False	0	False	1789943470.762
gd-tools	w11	5	4170509035	2767940968	4	C	1	11.5764	7.873179	0	True	True	False	0	False	1789943487.165
gd-tools	w11	5	4170509035	2767940968	4	B1	2	5.2902	1.724744	0	True		False	0	False	1789943497.222
gd-tools	w05	5	10344129	2767940968	4	C	0	5.4618	2.035243	0	True	True	False	0	False	1789943505.016
gd-tools	w05	5	10344129	2767940968	4	B0	1	5.2023	1.962006	0	True		False	0	False	1789943512.556
gd-tools	w05	5	10344129	2767940968	4	B1	2	5.2013	1.934738	0	True		False	0	False	1789943520.187
nano-coverage	w03	5	1002713481	2767940968	4	C	0	20.2708	18.528478	0	True	True	False	0	False	1789943545.517
nano-coverage	w03	5	1002713481	2767940968	4	B0	1	3.5721	1.931321	0	True		False	0	False	1789943553.472
gd-tools	w01	5	4195812747	2767940968	4	B1	0	3.2610		0	True		False	0	False	1789943559.164
gd-tools	w01	5	4195812747	2767940968	4	C	1	3.4002		0	True	True	False	0	False	1789943564.904
gd-tools	w01	5	4195812747	2767940968	4	B0	2	3.2600		0	True		False	0	False	1789943570.502
nano-coverage	w01	5	3249208919	2767940968	4	C	0	1.8348		0	True	True	False	0	False	1789943575.612
nano-coverage	w01	5	3249208919	2767940968	4	B0	1	1.6890		0	True		False	0	False	1789943579.920
nano-coverage	w05	5	110520781	2767940968	4	C	0	7.5756	5.769212	0	True	True	False	0	False	1789943590.771
nano-coverage	w05	5	110520781	2767940968	4	B0	1	3.6999	1.961953	0	True		False	0	False	1789943597.092
nano-coverage	w11	5	44310729	2767940968	5	B0	0	3.5990	1.719407	0	True		False	0	False	1789943605.755
nano-coverage	w11	5	44310729	2767940968	5	C	1	9.0591	7.035019	0	True	True	False	0	False	1789943620.495
gd-tools	w03	5	417074996	2767940968	5	B1	0	5.0188	1.906275	0	True		False	0	False	1789943629.708
gd-tools	w03	5	417074996	2767940968	5	B0	1	5.1076	1.942845	0	True		False	0	False	1789943638.979
gd-tools	w03	5	417074996	2767940968	5	C	2	27.7582	24.440795	0	True	True	False	0	False	1789943670.903
gd-tools	w11	5	4170509035	2767940968	5	C	0	11.2982	7.670113	0	True	True	False	0	False	1789943686.922
gd-tools	w11	5	4170509035	2767940968	5	B1	1	5.2952	1.740798	0	True		False	0	False	1789943697.036
gd-tools	w11	5	4170509035	2767940968	5	B0	2	5.2021	1.743117	0	True		False	0	False	1789943706.985
gd-tools	w05	5	10344129	2767940968	5	B0	0	5.1948	1.915862	0	True		False	0	False	1789943714.516
gd-tools	w05	5	10344129	2767940968	5	C	1	5.5379	2.076811	0	True	True	False	0	False	1789943722.387
gd-tools	w05	5	10344129	2767940968	5	B1	2	5.1945	1.955999	0	True		False	0	False	1789943729.917
nano-coverage	w03	5	1002713481	2767940968	5	C	0	20.0606	18.311777	0	True	True	False	0	False	1789943755.047
nano-coverage	w03	5	1002713481	2767940968	5	B0	1	3.5733	1.947731	0	True		False	0	False	1789943763.103
gd-tools	w01	5	4195812747	2767940968	5	C	0	3.3988		0	True	True	False	0	False	1789943768.840
gd-tools	w01	5	4195812747	2767940968	5	B0	1	3.2553		0	True		False	0	False	1789943774.438
gd-tools	w01	5	4195812747	2767940968	5	B1	2	3.3506		0	True		False	0	False	1789943780.126
nano-coverage	w01	5	3249208919	2767940968	5	C	0	1.8376		0	True	True	False	0	False	1789943785.238
nano-coverage	w01	5	3249208919	2767940968	5	B0	1	1.7288		0	True		False	0	False	1789943789.594
nano-coverage	w05	5	110520781	2767940968	5	C	0	7.5429	5.665660	0	True	True	False	0	False	1789943800.413
nano-coverage	w05	5	110520781	2767940968	5	B0	1	3.6505	1.932455	0	True		False	0	False	1789943806.683
nano-coverage	w05	6	2235541851	1456779339	0	B0	0	3.6869	1.943493	0	True		False	0	False	1789943873.129
nano-coverage	w05	6	2235541851	1456779339	0	C	1	7.7549	5.900921	0	True	True	False	0	False	1789943884.161
gd-tools	w05	6	2349607069	1456779339	0	C	0	5.5406	2.019124	0	True	True	False	0	False	1789943892.036
gd-tools	w05	6	2349607069	1456779339	0	B0	1	5.1078	1.903033	0	True		False	0	False	1789943899.479
gd-tools	w05	6	2349607069	1456779339	0	B1	2	5.2957	1.984853	0	True		False	0	False	1789943907.108
nano-coverage	w03	6	3718515588	1456779339	0	C	0	20.2276	18.544464	0	True	True	False	0	False	1789943932.346
nano-coverage	w03	6	3718515588	1456779339	0	B0	1	3.5279	1.925161	0	True		False	0	False	1789943940.254
nano-coverage	w01	6	3216847846	1456779339	0	B0	0	1.6988		0	True		False	0	False	1789943944.666
nano-coverage	w01	6	3216847846	1456779339	0	C	1	1.8445		0	True	True	False	0	False	1789943949.788
gd-tools	w01	6	436588913	1456779339	0	B1	0	3.2528		0	True		False	0	False	1789943955.388
gd-tools	w01	6	436588913	1456779339	0	B0	1	3.2519		0	True		False	0	False	1789943961.072
gd-tools	w01	6	436588913	1456779339	0	C	2	3.3913		0	True	True	False	0	False	1789943966.897
gd-tools	w03	6	3211949957	1456779339	0	C	0	27.3286	24.012217	0	True	True	False	0	False	1789943998.315
gd-tools	w03	6	3211949957	1456779339	0	B0	1	5.1073	1.954963	0	True		False	0	False	1789944007.572
gd-tools	w03	6	3211949957	1456779339	0	B1	2	5.2026	1.919478	0	True		False	0	False	1789944016.939
nano-coverage	w11	6	4008082777	1456779339	0	C	0	8.3904	6.390659	0	True	True	False	0	False	1789944031.056
nano-coverage	w11	6	4008082777	1456779339	0	B0	1	3.6868	1.713051	0	True		False	0	False	1789944039.817
gd-tools	w11	6	4022893702	1456779339	0	B0	0	5.2019	1.732064	0	True		False	0	False	1789944049.798
gd-tools	w11	6	4022893702	1456779339	0	B1	1	5.2006	1.721956	0	True		False	0	False	1789944059.768
gd-tools	w11	6	4022893702	1456779339	0	C	2	11.4936	7.792189	0	True	True	False	0	False	1789944076.048
nano-coverage	w05	6	2235541851	1456779339	1	C	0	7.4827	5.635756	0	True	True	False	0	False	1789944086.809
nano-coverage	w05	6	2235541851	1456779339	1	B0	1	3.6641	1.932813	0	True		False	0	False	1789944093.186
gd-tools	w05	6	2349607069	1456779339	1	B0	0	5.2035	1.910567	0	True		False	0	False	1789944100.723
gd-tools	w05	6	2349607069	1456779339	1	B1	1	5.2446	1.965224	0	True		False	0	False	1789944108.301
gd-tools	w05	6	2349607069	1456779339	1	C	2	5.4523	2.028218	0	True	True	False	0	False	1789944116.090
nano-coverage	w03	6	3718515588	1456779339	1	C	0	20.1878	18.435764	0	True	True	False	0	False	1789944141.436
nano-coverage	w03	6	3718515588	1456779339	1	B0	1	3.6518	1.955191	0	True		False	0	False	1789944149.495
nano-coverage	w01	6	3216847846	1456779339	1	C	0	1.7725		0	True	True	False	0	False	1789944154.545
nano-coverage	w01	6	3216847846	1456779339	1	B0	1	1.7196		0	True		False	0	False	1789944158.886
gd-tools	w01	6	436588913	1456779339	1	C	0	3.4085		0	True	True	False	0	False	1789944164.631
gd-tools	w01	6	436588913	1456779339	1	B0	1	3.2527		0	True		False	0	False	1789944170.326
gd-tools	w01	6	436588913	1456779339	1	B1	2	3.2563		0	True		False	0	False	1789944176.013
gd-tools	w03	6	3211949957	1456779339	1	B1	0	5.1098	1.952091	0	True		False	0	False	1789944185.252
gd-tools	w03	6	3211949957	1456779339	1	B0	1	5.1078	1.955537	0	True		False	0	False	1789944194.514
gd-tools	w03	6	3211949957	1456779339	1	C	2	27.3902	24.042875	0	True	True	False	0	False	1789944226.084
nano-coverage	w11	6	4008082777	1456779339	1	B0	0	3.6992	1.765877	0	True		False	0	False	1789944234.855
nano-coverage	w11	6	4008082777	1456779339	1	C	1	8.3952	6.334250	0	True	True	False	0	False	1789944249.066
gd-tools	w11	6	4022893702	1456779339	1	C	0	11.4986	7.813431	0	True	True	False	0	False	1789944265.314
gd-tools	w11	6	4022893702	1456779339	1	B1	1	5.3151	1.723542	0	True		False	0	False	1789944275.422
gd-tools	w11	6	4022893702	1456779339	1	B0	2	5.2951	1.738890	0	True		False	0	False	1789944285.507
nano-coverage	w05	6	2235541851	1456779339	2	C	0	7.4704	5.660593	0	True	True	False	0	False	1789944296.266
nano-coverage	w05	6	2235541851	1456779339	2	B0	1	3.7732	1.951492	0	True		False	0	False	1789944302.659
gd-tools	w05	6	2349607069	1456779339	2	B1	0	5.2099	1.944900	0	True		False	0	False	1789944310.310
gd-tools	w05	6	2349607069	1456779339	2	C	1	5.4400	2.027840	0	True	True	False	0	False	1789944318.086
gd-tools	w05	6	2349607069	1456779339	2	B0	2	5.1990	1.962561	0	True		False	0	False	1789944325.713
nano-coverage	w03	6	3718515588	1456779339	2	B0	0	3.6362	1.964026	0	True		False	0	False	1789944333.765
nano-coverage	w03	6	3718515588	1456779339	2	C	1	22.5345	20.750155	0	True	True	False	0	False	1789944361.363
nano-coverage	w01	6	3216847846	1456779339	2	B0	0	1.6976		0	True		False	0	False	1789944365.677
nano-coverage	w01	6	3216847846	1456779339	2	C	1	1.8122		0	True	True	False	0	False	1789944370.764
gd-tools	w01	6	436588913	1456779339	2	B0	0	3.2485		0	True		False	0	False	1789944376.350
gd-tools	w01	6	436588913	1456779339	2	C	1	3.4082		0	True	True	False	0	False	1789944382.096
gd-tools	w01	6	436588913	1456779339	2	B1	2	3.2518		0	True		False	0	False	1789944387.689
gd-tools	w03	6	3211949957	1456779339	2	B0	0	5.1178	1.959302	0	True		False	0	False	1789944396.855
gd-tools	w03	6	3211949957	1456779339	2	C	1	27.6873	24.383843	0	True	True	False	0	False	1789944428.639
gd-tools	w03	6	3211949957	1456779339	2	B1	2	5.1074	1.968043	0	True		False	0	False	1789944437.860
nano-coverage	w11	6	4008082777	1456779339	2	C	0	8.4442	6.403464	0	True	True	False	0	False	1789944452.041
nano-coverage	w11	6	4008082777	1456779339	2	B0	1	3.7135	1.754154	0	True		False	0	False	1789944460.817
gd-tools	w11	6	4022893702	1456779339	2	B1	0	5.2010	1.748438	0	True		False	0	False	1789944470.885
gd-tools	w11	6	4022893702	1456779339	2	B0	1	5.2158	1.711280	0	True		False	0	False	1789944480.838
gd-tools	w11	6	4022893702	1456779339	2	C	2	11.3961	7.745251	0	True	True	False	0	False	1789944496.971
nano-coverage	w05	6	2235541851	1456779339	3	B0	0	3.6995	1.985493	0	True		False	0	False	1789944503.291
nano-coverage	w05	6	2235541851	1456779339	3	C	1	7.5267	5.699171	0	True	True	False	0	False	1789944514.095
gd-tools	w05	6	2349607069	1456779339	3	B1	0	5.1969	1.909212	0	True		False	0	False	1789944521.630
gd-tools	w05	6	2349607069	1456779339	3	B0	1	5.2240	1.938703	0	True		False	0	False	1789944529.289
gd-tools	w05	6	2349607069	1456779339	3	C	2	5.5331	2.064865	0	True	True	False	0	False	1789944537.161
nano-coverage	w03	6	3718515588	1456779339	3	C	0	20.3491	18.612353	0	True	True	False	0	False	1789944562.555
nano-coverage	w03	6	3718515588	1456779339	3	B0	1	3.6176	1.992276	0	True		False	0	False	1789944570.580
nano-coverage	w01	6	3216847846	1456779339	3	B0	0	1.7187		0	True		False	0	False	1789944574.915
nano-coverage	w01	6	3216847846	1456779339	3	C	1	1.7854		0	True	True	False	0	False	1789944579.977
gd-tools	w01	6	436588913	1456779339	3	B0	0	3.2452		0	True		False	0	False	1789944585.557
gd-tools	w01	6	436588913	1456779339	3	B1	1	3.2426		0	True		False	0	False	1789944591.225
gd-tools	w01	6	436588913	1456779339	3	C	2	3.4100		0	True	True	False	0	False	1789944596.978
gd-tools	w03	6	3211949957	1456779339	3	B0	0	5.1139	1.959529	0	True		False	0	False	1789944606.219
gd-tools	w03	6	3211949957	1456779339	3	B1	1	5.0228	1.925657	0	True		False	0	False	1789944615.443
gd-tools	w03	6	3211949957	1456779339	3	C	2	27.5711	24.315194	0	True	True	False	0	False	1789944647.176
nano-coverage	w11	6	4008082777	1456779339	3	B0	0	3.7144	1.719953	0	True		False	0	False	1789944655.960
nano-coverage	w11	6	4008082777	1456779339	3	C	1	8.4529	6.434386	0	True	True	False	0	False	1789944670.138
gd-tools	w11	6	4022893702	1456779339	3	B0	0	5.2912	1.757613	0	True		False	0	False	1789944680.212
gd-tools	w11	6	4022893702	1456779339	3	C	1	11.3983	7.707118	0	True	True	False	0	False	1789944696.448
gd-tools	w11	6	4022893702	1456779339	3	B1	2	5.3284	1.742665	0	True		False	0	False	1789944706.512
nano-coverage	w05	6	2235541851	1456779339	4	C	0	7.4632	5.667356	0	True	True	False	0	False	1789944717.254
nano-coverage	w05	6	2235541851	1456779339	4	B0	1	3.7465	1.971729	0	True		False	0	False	1789944723.621
gd-tools	w05	6	2349607069	1456779339	4	B0	0	5.2145	1.961420	0	True		False	0	False	1789944731.169
gd-tools	w05	6	2349607069	1456779339	4	C	1	5.5299	2.081261	0	True	True	False	0	False	1789944739.035
gd-tools	w05	6	2349607069	1456779339	4	B1	2	5.2008	1.956509	0	True		False	0	False	1789944746.569
nano-coverage	w03	6	3718515588	1456779339	4	B0	0	3.6229	1.971796	0	True		False	0	False	1789944754.571
nano-coverage	w03	6	3718515588	1456779339	4	C	1	20.1924	18.488498	0	True	True	False	0	False	1789944779.941
nano-coverage	w01	6	3216847846	1456779339	4	C	0	1.7985		0	True	True	False	0	False	1789944785.014
nano-coverage	w01	6	3216847846	1456779339	4	B0	1	1.7161		0	True		False	0	False	1789944789.350
gd-tools	w01	6	436588913	1456779339	4	C	0	3.3926		0	True	True	False	0	False	1789944795.074
gd-tools	w01	6	436588913	1456779339	4	B1	1	3.2488		0	True		False	0	False	1789944800.751
gd-tools	w01	6	436588913	1456779339	4	B0	2	3.2582		0	True		False	0	False	1789944806.349
gd-tools	w03	6	3211949957	1456779339	4	B1	0	5.1183	1.954659	0	True		False	0	False	1789944815.563
gd-tools	w03	6	3211949957	1456779339	4	C	1	27.5836	24.179355	0	True	True	False	0	False	1789944847.334
gd-tools	w03	6	3211949957	1456779339	4	B0	2	5.0158	1.933072	0	True		False	0	False	1789944856.457
nano-coverage	w11	6	4008082777	1456779339	4	B0	0	3.6535	1.718357	0	True		False	0	False	1789944865.126
nano-coverage	w11	6	4008082777	1456779339	4	C	1	8.3770	6.356031	0	True	True	False	0	False	1789944879.180
gd-tools	w11	6	4022893702	1456779339	4	B1	0	5.3059	1.734394	0	True		False	0	False	1789944889.250
gd-tools	w11	6	4022893702	1456779339	4	C	1	11.5909	7.868771	0	True	True	False	0	False	1789944905.600
gd-tools	w11	6	4022893702	1456779339	4	B0	2	5.2058	1.731306	0	True		False	0	False	1789944915.567
nano-coverage	w05	6	2235541851	1456779339	5	B0	0	3.7070	1.982465	0	True		False	0	False	1789944921.891
nano-coverage	w05	6	2235541851	1456779339	5	C	1	7.4726	5.659705	0	True	True	False	0	False	1789944932.640
gd-tools	w05	6	2349607069	1456779339	5	C	0	5.5671	2.059634	0	True	True	False	0	False	1789944940.547
gd-tools	w05	6	2349607069	1456779339	5	B1	1	5.2169	1.964119	0	True		False	0	False	1789944948.102
gd-tools	w05	6	2349607069	1456779339	5	B0	2	5.1973	1.943414	0	True		False	0	False	1789944955.729
nano-coverage	w03	6	3718515588	1456779339	5	B0	0	3.6656	1.994139	0	True		False	0	False	1789944963.813
nano-coverage	w03	6	3718515588	1456779339	5	C	1	20.2583	18.540035	0	True	True	False	0	False	1789944989.171
nano-coverage	w01	6	3216847846	1456779339	5	C	0	1.8263		0	True	True	False	0	False	1789944994.278
nano-coverage	w01	6	3216847846	1456779339	5	B0	1	1.7077		0	True		False	0	False	1789944998.606
gd-tools	w01	6	436588913	1456779339	5	B1	0	3.2548		0	True		False	0	False	1789945004.303
gd-tools	w01	6	436588913	1456779339	5	C	1	3.4076		0	True	True	False	0	False	1789945010.047
gd-tools	w01	6	436588913	1456779339	5	B0	2	3.2538		0	True		False	0	False	1789945015.732
gd-tools	w03	6	3211949957	1456779339	5	C	0	27.8482	24.512319	0	True	True	False	0	False	1789945047.685
gd-tools	w03	6	3211949957	1456779339	5	B1	1	5.1297	1.942292	0	True		False	0	False	1789945056.984
gd-tools	w03	6	3211949957	1456779339	5	B0	2	5.1136	1.979337	0	True		False	0	False	1789945066.202
nano-coverage	w11	6	4008082777	1456779339	5	C	0	8.4244	6.398892	0	True	True	False	0	False	1789945080.293
nano-coverage	w11	6	4008082777	1456779339	5	B0	1	3.7028	1.752351	0	True		False	0	False	1789945089.114
gd-tools	w11	6	4022893702	1456779339	5	C	0	11.5036	7.781904	0	True	True	False	0	False	1789945105.355
gd-tools	w11	6	4022893702	1456779339	5	B0	1	5.2307	1.706842	0	True		False	0	False	1789945115.312
gd-tools	w11	6	4022893702	1456779339	5	B1	2	5.1978	1.718791	0	True		False	0	False	1789945125.237
gd-tools	w11	7	1774624753	2713549212	0	C	0	11.5048	7.817459	0	True	True	False	0	False	1789945201.636
gd-tools	w11	7	1774624753	2713549212	0	B0	1	5.3019	1.771671	0	True		False	0	False	1789945211.729
gd-tools	w11	7	1774624753	2713549212	0	B1	2	5.2945	1.743470	0	True		False	0	False	1789945221.903
gd-tools	w01	7	873338779	2713549212	0	B0	0	3.2463		0	True		False	0	False	1789945227.489
gd-tools	w01	7	873338779	2713549212	0	B1	1	3.3379		0	True		False	0	False	1789945233.176
gd-tools	w01	7	873338779	2713549212	0	C	2	3.4161		0	True	True	False	0	False	1789945238.933
gd-tools	w03	7	3886850720	2713549212	0	B0	0	5.0203	1.931077	0	True		False	0	False	1789945248.164
gd-tools	w03	7	3886850720	2713549212	0	C	1	27.2883	24.029205	0	True	True	False	0	False	1789945279.663
gd-tools	w03	7	3886850720	2713549212	0	B1	2	5.1050	1.942497	0	True		False	0	False	1789945288.884
nano-coverage	w01	7	1615059189	2713549212	0	C	0	1.7960		0	True	True	False	0	False	1789945293.956
nano-coverage	w01	7	1615059189	2713549212	0	B0	1	1.7360		0	True		False	0	False	1789945298.314
nano-coverage	w03	7	3501030478	2713549212	0	B0	0	3.5261	1.934776	0	True		False	0	False	1789945306.221
nano-coverage	w03	7	3501030478	2713549212	0	C	1	21.8675	20.156763	0	True	True	False	0	False	1789945333.152
nano-coverage	w11	7	3042620281	2713549212	0	B0	0	3.7014	1.723411	0	True		False	0	False	1789945341.913
nano-coverage	w11	7	3042620281	2713549212	0	C	1	8.5687	6.512689	0	True	True	False	0	False	1789945356.190
gd-tools	w05	7	655730173	2713549212	0	B1	0	5.2022	1.942329	0	True		False	0	False	1789945363.730
gd-tools	w05	7	655730173	2713549212	0	B0	1	5.2021	1.924039	0	True		False	0	False	1789945371.365
gd-tools	w05	7	655730173	2713549212	0	C	2	5.4636	2.017228	0	True	True	False	0	False	1789945379.258
nano-coverage	w05	7	3643311963	2713549212	0	C	0	8.1075	6.218352	0	True	True	False	0	False	1789945390.644
nano-coverage	w05	7	3643311963	2713549212	0	B0	1	3.7027	1.967940	0	True		False	0	False	1789945396.970
gd-tools	w11	7	1774624753	2713549212	1	B1	0	5.1966	1.705102	0	True		False	0	False	1789945406.921
gd-tools	w11	7	1774624753	2713549212	1	B0	1	5.2009	1.709158	0	True		False	0	False	1789945416.861
gd-tools	w11	7	1774624753	2713549212	1	C	2	11.5094	7.800712	0	True	True	False	0	False	1789945433.159
gd-tools	w01	7	873338779	2713549212	1	C	0	3.3978		0	True	True	False	0	False	1789945438.890
gd-tools	w01	7	873338779	2713549212	1	B0	1	3.2458		0	True		False	0	False	1789945444.476
gd-tools	w01	7	873338779	2713549212	1	B1	2	3.2488		0	True		False	0	False	1789945450.062
gd-tools	w03	7	3886850720	2713549212	1	C	0	27.1227	23.838615	0	True	True	False	0	False	1789945481.279
gd-tools	w03	7	3886850720	2713549212	1	B1	1	5.1093	1.927116	0	True		False	0	False	1789945490.577
gd-tools	w03	7	3886850720	2713549212	1	B0	2	5.1091	1.973397	0	True		False	0	False	1789945499.773
nano-coverage	w01	7	1615059189	2713549212	1	C	0	1.8795		0	True	True	False	0	False	1789945504.930
nano-coverage	w01	7	1615059189	2713549212	1	B0	1	1.7478		0	True		False	0	False	1789945509.397
nano-coverage	w03	7	3501030478	2713549212	1	C	0	21.7586	20.023120	0	True	True	False	0	False	1789945536.216
nano-coverage	w03	7	3501030478	2713549212	1	B0	1	3.6753	1.982613	0	True		False	0	False	1789945544.289
nano-coverage	w11	7	3042620281	2713549212	1	B0	0	3.6471	1.734757	0	True		False	0	False	1789945552.975
nano-coverage	w11	7	3042620281	2713549212	1	C	1	8.5038	6.478833	0	True	True	False	0	False	1789945567.314
gd-tools	w05	7	655730173	2713549212	1	C	0	5.4473	2.041594	0	True	True	False	0	False	1789945575.194
gd-tools	w05	7	655730173	2713549212	1	B1	1	5.2013	1.938491	0	True		False	0	False	1789945582.737
gd-tools	w05	7	655730173	2713549212	1	B0	2	5.2096	1.941131	0	True		False	0	False	1789945590.280
nano-coverage	w05	7	3643311963	2713549212	1	B0	0	3.6738	1.948239	0	True		False	0	False	1789945596.574
nano-coverage	w05	7	3643311963	2713549212	1	C	1	7.4270	5.634027	0	True	True	False	0	False	1789945607.277
gd-tools	w11	7	1774624753	2713549212	2	B0	0	5.2474	1.735450	0	True		False	0	False	1789945617.294
gd-tools	w11	7	1774624753	2713549212	2	B1	1	5.3057	1.767305	0	True		False	0	False	1789945627.465
gd-tools	w11	7	1774624753	2713549212	2	C	2	11.5062	7.814099	0	True	True	False	0	False	1789945643.857
gd-tools	w01	7	873338779	2713549212	2	B1	0	3.2482		0	True		False	0	False	1789945649.442
gd-tools	w01	7	873338779	2713549212	2	B0	1	3.2456		0	True		False	0	False	1789945655.026
gd-tools	w01	7	873338779	2713549212	2	C	2	3.3957		0	True	True	False	0	False	1789945660.874
gd-tools	w03	7	3886850720	2713549212	2	B1	0	5.1106	1.970460	0	True		False	0	False	1789945670.169
gd-tools	w03	7	3886850720	2713549212	2	C	1	27.1137	23.828769	0	True	True	False	0	False	1789945701.617
gd-tools	w03	7	3886850720	2713549212	2	B0	2	5.1066	1.956052	0	True		False	0	False	1789945710.853
nano-coverage	w01	7	1615059189	2713549212	2	B0	0	1.7590		0	True		False	0	False	1789945715.227
nano-coverage	w01	7	1615059189	2713549212	2	C	1	1.8495		0	True	True	False	0	False	1789945720.348
nano-coverage	w03	7	3501030478	2713549212	2	B0	0	3.6263	1.989309	0	True		False	0	False	1789945728.481
nano-coverage	w03	7	3501030478	2713549212	2	C	1	20.3495	18.589274	0	True	True	False	0	False	1789945753.954
nano-coverage	w11	7	3042620281	2713549212	2	C	0	8.5182	6.441028	0	True	True	False	0	False	1789945768.265
nano-coverage	w11	7	3042620281	2713549212	2	B0	1	3.7448	1.752004	0	True		False	0	False	1789945777.057
gd-tools	w05	7	655730173	2713549212	2	B1	0	5.2053	1.930638	0	True		False	0	False	1789945784.600
gd-tools	w05	7	655730173	2713549212	2	C	1	5.4598	2.048310	0	True	True	False	0	False	1789945792.397
gd-tools	w05	7	655730173	2713549212	2	B0	2	5.2983	1.978381	0	True		False	0	False	1789945800.033
nano-coverage	w05	7	3643311963	2713549212	2	C	0	7.4356	5.602922	0	True	True	False	0	False	1789945810.743
nano-coverage	w05	7	3643311963	2713549212	2	B0	1	3.6450	1.933090	0	True		False	0	False	1789945817.009
gd-tools	w11	7	1774624753	2713549212	3	B0	0	5.2945	1.733416	0	True		False	0	False	1789945827.085
gd-tools	w11	7	1774624753	2713549212	3	C	1	11.5935	7.908502	0	True	True	False	0	False	1789945843.439
gd-tools	w11	7	1774624753	2713549212	3	B1	2	5.2347	1.722178	0	True		False	0	False	1789945853.542
gd-tools	w01	7	873338779	2713549212	3	B1	0	3.2452		0	True		False	0	False	1789945859.123
gd-tools	w01	7	873338779	2713549212	3	C	1	3.3926		0	True	True	False	0	False	1789945864.947
gd-tools	w01	7	873338779	2713549212	3	B0	2	3.2467		0	True		False	0	False	1789945870.532
gd-tools	w03	7	3886850720	2713549212	3	B1	0	5.2058	1.975174	0	True		False	0	False	1789945879.973
gd-tools	w03	7	3886850720	2713549212	3	B0	1	5.1346	1.940346	0	True		False	0	False	1789945889.255
gd-tools	w03	7	3886850720	2713549212	3	C	2	27.6867	24.378107	0	True	True	False	0	False	1789945921.081
nano-coverage	w01	7	1615059189	2713549212	3	C	0	1.7415		0	True	True	False	0	False	1789945926.115
nano-coverage	w01	7	1615059189	2713549212	3	B0	1	1.6470		0	True		False	0	False	1789945930.395
nano-coverage	w03	7	3501030478	2713549212	3	C	0	20.7641	18.992754	0	True	True	False	0	False	1789945956.310
nano-coverage	w03	7	3501030478	2713549212	3	B0	1	3.6193	1.966826	0	True		False	0	False	1789945964.333
nano-coverage	w11	7	3042620281	2713549212	3	B0	0	3.7156	1.762032	0	True		False	0	False	1789945973.106
nano-coverage	w11	7	3042620281	2713549212	3	C	1	8.5208	6.542520	0	True	True	False	0	False	1789945987.329
gd-tools	w05	7	655730173	2713549212	3	B0	0	5.2038	1.918095	0	True		False	0	False	1789945994.870
gd-tools	w05	7	655730173	2713549212	3	B1	1	5.2087	1.914381	0	True		False	0	False	1789946002.412
gd-tools	w05	7	655730173	2713549212	3	C	2	5.6342	2.059997	0	True	True	False	0	False	1789946010.396
nano-coverage	w05	7	3643311963	2713549212	3	B0	0	3.6374	1.969977	0	True		False	0	False	1789946016.654
nano-coverage	w05	7	3643311963	2713549212	3	C	1	7.4781	5.621949	0	True	True	False	0	False	1789946027.408
gd-tools	w11	7	1774624753	2713549212	4	C	0	11.4813	7.860435	0	True	True	False	0	False	1789946043.755
gd-tools	w11	7	1774624753	2713549212	4	B1	1	5.1989	1.730810	0	True		False	0	False	1789946053.797
gd-tools	w11	7	1774624753	2713549212	4	B0	2	5.1952	1.750697	0	True		False	0	False	1789946063.741
gd-tools	w01	7	873338779	2713549212	4	C	0	3.4041		0	True	True	False	0	False	1789946069.482
gd-tools	w01	7	873338779	2713549212	4	B1	1	3.2495		0	True		False	0	False	1789946075.064
gd-tools	w01	7	873338779	2713549212	4	B0	2	3.2609		0	True		False	0	False	1789946080.663
gd-tools	w03	7	3886850720	2713549212	4	C	0	27.2038	23.948361	0	True	True	False	0	False	1789946112.048
gd-tools	w03	7	3886850720	2713549212	4	B0	1	5.1060	1.970533	0	True		False	0	False	1789946121.221
gd-tools	w03	7	3886850720	2713549212	4	B1	2	5.0144	1.919708	0	True		False	0	False	1789946130.366
nano-coverage	w01	7	1615059189	2713549212	4	B0	0	1.7642		0	True		False	0	False	1789946134.747
nano-coverage	w01	7	1615059189	2713549212	4	C	1	1.8205		0	True	True	False	0	False	1789946139.841
nano-coverage	w03	7	3501030478	2713549212	4	B0	0	3.6062	1.971263	0	True		False	0	False	1789946147.930
nano-coverage	w03	7	3501030478	2713549212	4	C	1	21.0790	19.387923	0	True	True	False	0	False	1789946174.074
nano-coverage	w11	7	3042620281	2713549212	4	C	0	8.5562	6.490469	0	True	True	False	0	False	1789946188.358
nano-coverage	w11	7	3042620281	2713549212	4	B0	1	3.7222	1.725644	0	True		False	0	False	1789946197.122
gd-tools	w05	7	655730173	2713549212	4	C	0	5.5414	2.085136	0	True	True	False	0	False	1789946205.092
gd-tools	w05	7	655730173	2713549212	4	B0	1	5.2001	1.921531	0	True		False	0	False	1789946212.629
gd-tools	w05	7	655730173	2713549212	4	B1	2	5.2124	1.967840	0	True		False	0	False	1789946220.175
nano-coverage	w05	7	3643311963	2713549212	4	B0	0	3.6504	1.961245	0	True		False	0	False	1789946226.446
nano-coverage	w05	7	3643311963	2713549212	4	C	1	8.6598	6.451664	0	True	True	False	0	False	1789946238.473
gd-tools	w11	7	1774624753	2713549212	5	B1	0	5.2037	1.715688	0	True		False	0	False	1789946248.517
gd-tools	w11	7	1774624753	2713549212	5	C	1	11.3911	7.775342	0	True	True	False	0	False	1789946264.750
gd-tools	w11	7	1774624753	2713549212	5	B0	2	5.1985	1.730751	0	True		False	0	False	1789946274.681
gd-tools	w01	7	873338779	2713549212	5	B0	0	3.2566		0	True		False	0	False	1789946280.275
gd-tools	w01	7	873338779	2713549212	5	C	1	3.3961		0	True	True	False	0	False	1789946286.002
gd-tools	w01	7	873338779	2713549212	5	B1	2	3.2536		0	True		False	0	False	1789946291.598
gd-tools	w03	7	3886850720	2713549212	5	B0	0	5.1070	1.950645	0	True		False	0	False	1789946300.913
gd-tools	w03	7	3886850720	2713549212	5	B1	1	5.0152	1.914340	0	True		False	0	False	1789946310.054
gd-tools	w03	7	3886850720	2713549212	5	C	2	27.5796	24.280857	0	True	True	False	0	False	1789946341.832
nano-coverage	w01	7	1615059189	2713549212	5	B0	0	1.7032		0	True		False	0	False	1789946346.155
nano-coverage	w01	7	1615059189	2713549212	5	C	1	1.7895		0	True	True	False	0	False	1789946351.217
nano-coverage	w03	7	3501030478	2713549212	5	C	0	22.4928	20.770428	0	True	True	False	0	False	1789946378.866
nano-coverage	w03	7	3501030478	2713549212	5	B0	1	3.6230	1.966870	0	True		False	0	False	1789946386.897
nano-coverage	w11	7	3042620281	2713549212	5	C	0	8.4070	6.333535	0	True	True	False	0	False	1789946401.020
nano-coverage	w11	7	3042620281	2713549212	5	B0	1	3.6559	1.720855	0	True		False	0	False	1789946409.830
gd-tools	w05	7	655730173	2713549212	5	B0	0	5.2076	1.936649	0	True		False	0	False	1789946417.374
gd-tools	w05	7	655730173	2713549212	5	C	1	5.4387	2.015176	0	True	True	False	0	False	1789946425.146
gd-tools	w05	7	655730173	2713549212	5	B1	2	5.2086	1.909565	0	True		False	0	False	1789946432.692
nano-coverage	w05	7	3643311963	2713549212	5	C	0	7.5383	5.795841	0	True	True	False	0	False	1789946443.506
nano-coverage	w05	7	3643311963	2713549212	5	B0	1	3.7532	1.968168	0	True		False	0	False	1789946449.882
gd-tools	w03	8	2372235157	245722000	0	B0	0	5.1106	1.925914	0	True		False	0	False	1789946519.232
gd-tools	w03	8	2372235157	245722000	0	C	1	27.2199	23.951068	0	True	True	False	0	False	1789946550.559
gd-tools	w03	8	2372235157	245722000	0	B1	2	5.1041	1.963547	0	True		False	0	False	1789946559.771
nano-coverage	w03	8	3783726934	245722000	0	B0	0	3.5956	1.967074	0	True		False	0	False	1789946567.774
nano-coverage	w03	8	3783726934	245722000	0	C	1	21.1981	19.561027	0	True	True	False	0	False	1789946594.030
gd-tools	w11	8	3468748154	245722000	0	C	0	11.7024	7.965402	0	True	True	False	0	False	1789946610.512
gd-tools	w11	8	3468748154	245722000	0	B1	1	5.2163	1.746683	0	True		False	0	False	1789946620.611
gd-tools	w11	8	3468748154	245722000	0	B0	2	5.3154	1.763634	0	True		False	0	False	1789946630.812
nano-coverage	w05	8	1225415705	245722000	0	B0	0	3.6839	1.965665	0	True		False	0	False	1789946637.112
nano-coverage	w05	8	1225415705	245722000	0	C	1	7.6345	5.787849	0	True	True	False	0	False	1789946648.022
gd-tools	w05	8	3489176001	245722000	0	C	0	5.5451	2.048312	0	True	True	False	0	False	1789946655.904
gd-tools	w05	8	3489176001	245722000	0	B0	1	5.2015	1.938118	0	True		False	0	False	1789946663.446
gd-tools	w05	8	3489176001	245722000	0	B1	2	5.2004	1.934897	0	True		False	0	False	1789946670.985
nano-coverage	w01	8	2492131660	245722000	0	C	0	1.7713		0	True	True	False	0	False	1789946676.041
nano-coverage	w01	8	2492131660	245722000	0	B0	1	1.7362		0	True		False	0	False	1789946680.401
nano-coverage	w11	8	1137975433	245722000	0	C	0	8.5314	6.477675	0	True	True	False	0	False	1789946694.650
nano-coverage	w11	8	1137975433	245722000	0	B0	1	3.6702	1.721187	0	True		False	0	False	1789946703.382
gd-tools	w01	8	1131832941	245722000	0	B0	0	3.1580		0	True		False	0	False	1789946708.878
gd-tools	w01	8	1131832941	245722000	0	B1	1	3.2551		0	True		False	0	False	1789946714.470
gd-tools	w01	8	1131832941	245722000	0	C	2	3.3867		0	True	True	False	0	False	1789946720.188
gd-tools	w03	8	2372235157	245722000	1	B1	0	5.1093	1.940179	0	True		False	0	False	1789946729.515
gd-tools	w03	8	2372235157	245722000	1	B0	1	5.1419	1.946108	0	True		False	0	False	1789946738.742
gd-tools	w03	8	2372235157	245722000	1	C	2	27.4840	24.229208	0	True	True	False	0	False	1789946770.303
nano-coverage	w03	8	3783726934	245722000	1	C	0	22.3644	20.584817	0	True	True	False	0	False	1789946797.712
nano-coverage	w03	8	3783726934	245722000	1	B0	1	3.5764	1.931411	0	True		False	0	False	1789946805.709
gd-tools	w11	8	3468748154	245722000	1	B0	0	5.2045	1.744022	0	True		False	0	False	1789946815.698
gd-tools	w11	8	3468748154	245722000	1	B1	1	5.1944	1.696134	0	True		False	0	False	1789946825.762
gd-tools	w11	8	3468748154	245722000	1	C	2	11.3979	7.775119	0	True	True	False	0	False	1789946841.886
nano-coverage	w05	8	1225415705	245722000	1	C	0	7.5580	5.694087	0	True	True	False	0	False	1789946852.719
nano-coverage	w05	8	1225415705	245722000	1	B0	1	3.6926	1.943949	0	True		False	0	False	1789946859.042
gd-tools	w05	8	3489176001	245722000	1	B1	0	5.2060	1.917669	0	True		False	0	False	1789946866.588
gd-tools	w05	8	3489176001	245722000	1	B0	1	5.2035	1.934356	0	True		False	0	False	1789946874.141
gd-tools	w05	8	3489176001	245722000	1	C	2	5.4364	2.023821	0	True	True	False	0	False	1789946881.910
nano-coverage	w01	8	2492131660	245722000	1	B0	0	1.6981		0	True		False	0	False	1789946886.227
nano-coverage	w01	8	2492131660	245722000	1	C	1	1.7619		0	True	True	False	0	False	1789946891.268
nano-coverage	w11	8	1137975433	245722000	1	C	0	8.3196	6.293091	0	True	True	False	0	False	1789946905.285
nano-coverage	w11	8	1137975433	245722000	1	B0	1	3.6545	1.718656	0	True		False	0	False	1789946913.983
gd-tools	w01	8	1131832941	245722000	1	C	0	3.3926		0	True	True	False	0	False	1789946919.810
gd-tools	w01	8	1131832941	245722000	1	B1	1	3.2501		0	True		False	0	False	1789946925.398
gd-tools	w01	8	1131832941	245722000	1	B0	2	3.2503		0	True		False	0	False	1789946930.998
gd-tools	w03	8	2372235157	245722000	2	C	0	27.7602	24.427351	0	True	True	False	0	False	1789946962.914
gd-tools	w03	8	2372235157	245722000	2	B0	1	5.1138	1.965610	0	True		False	0	False	1789946972.132
gd-tools	w03	8	2372235157	245722000	2	B1	2	5.0119	1.925096	0	True		False	0	False	1789946981.237
nano-coverage	w03	8	3783726934	245722000	2	B0	0	3.6314	1.935789	0	True		False	0	False	1789946989.234
nano-coverage	w03	8	3783726934	245722000	2	C	1	20.2733	18.567672	0	True	True	False	0	False	1789947014.534
gd-tools	w11	8	3468748154	245722000	2	B1	0	5.2045	1.743599	0	True		False	0	False	1789947024.528
gd-tools	w11	8	3468748154	245722000	2	C	1	11.4013	7.731532	0	True	True	False	0	False	1789947040.680
gd-tools	w11	8	3468748154	245722000	2	B0	2	5.3265	1.743644	0	True		False	0	False	1789947050.743
nano-coverage	w05	8	1225415705	245722000	2	C	0	8.2432	6.445647	0	True	True	False	0	False	1789947062.261
nano-coverage	w05	8	1225415705	245722000	2	B0	1	3.6961	1.961420	0	True		False	0	False	1789947068.578
gd-tools	w05	8	3489176001	245722000	2	B1	0	5.1987	1.972595	0	True		False	0	False	1789947076.114
gd-tools	w05	8	3489176001	245722000	2	C	1	5.5496	2.073134	0	True	True	False	0	False	1789947083.997
gd-tools	w05	8	3489176001	245722000	2	B0	2	5.1972	1.924351	0	True		False	0	False	1789947091.529
nano-coverage	w01	8	2492131660	245722000	2	C	0	1.7941		0	True	True	False	0	False	1789947096.598
nano-coverage	w01	8	2492131660	245722000	2	B0	1	1.7267		0	True		False	0	False	1789947100.949
nano-coverage	w11	8	1137975433	245722000	2	B0	0	3.7048	1.731262	0	True		False	0	False	1789947109.673
nano-coverage	w11	8	1137975433	245722000	2	C	1	8.2359	6.202235	0	True	True	False	0	False	1789947123.628
gd-tools	w01	8	1131832941	245722000	2	B1	0	3.2673		0	True		False	0	False	1789947129.325
gd-tools	w01	8	1131832941	245722000	2	C	1	3.3937		0	True	True	False	0	False	1789947135.055
gd-tools	w01	8	1131832941	245722000	2	B0	2	3.1657		0	True		False	0	False	1789947140.549
gd-tools	w03	8	2372235157	245722000	3	B0	0	5.1082	1.958353	0	True		False	0	False	1789947149.847
gd-tools	w03	8	2372235157	245722000	3	B1	1	5.1055	1.946934	0	True		False	0	False	1789947159.059
gd-tools	w03	8	2372235157	245722000	3	C	2	27.2111	23.881162	0	True	True	False	0	False	1789947190.363
nano-coverage	w03	8	3783726934	245722000	3	C	0	20.0608	18.323621	0	True	True	False	0	False	1789947215.448
nano-coverage	w03	8	3783726934	245722000	3	B0	1	3.6120	1.967140	0	True		False	0	False	1789947223.446
gd-tools	w11	8	3468748154	245722000	3	B0	0	5.2272	1.714838	0	True		False	0	False	1789947233.420
gd-tools	w11	8	3468748154	245722000	3	C	1	11.6861	7.950885	0	True	True	False	0	False	1789947249.846
gd-tools	w11	8	3468748154	245722000	3	B1	2	5.2881	1.744082	0	True		False	0	False	1789947259.981
nano-coverage	w05	8	1225415705	245722000	3	B0	0	3.7700	1.969129	0	True		False	0	False	1789947266.373
nano-coverage	w05	8	1225415705	245722000	3	C	1	7.5108	5.710777	0	True	True	False	0	False	1789947277.255
gd-tools	w05	8	3489176001	245722000	3	C	0	5.5452	2.069667	0	True	True	False	0	False	1789947285.139
gd-tools	w05	8	3489176001	245722000	3	B1	1	5.1993	1.929366	0	True		False	0	False	1789947292.679
gd-tools	w05	8	3489176001	245722000	3	B0	2	5.2018	1.938339	0	True		False	0	False	1789947300.220
nano-coverage	w01	8	2492131660	245722000	3	B0	0	1.7254		0	True		False	0	False	1789947304.562
nano-coverage	w01	8	2492131660	245722000	3	C	1	1.9704		0	True	True	False	0	False	1789947310.186
nano-coverage	w11	8	1137975433	245722000	3	B0	0	3.7263	1.753093	0	True		False	0	False	1789947319.145
nano-coverage	w11	8	1137975433	245722000	3	C	1	8.3083	6.274298	0	True	True	False	0	False	1789947333.139
gd-tools	w01	8	1131832941	245722000	3	B1	0	3.3488		0	True		False	0	False	1789947338.919
gd-tools	w01	8	1131832941	245722000	3	B0	1	3.3525		0	True		False	0	False	1789947344.713
gd-tools	w01	8	1131832941	245722000	3	C	2	3.4316		0	True	True	False	0	False	1789947350.482
gd-tools	w03	8	2372235157	245722000	4	C	0	27.6681	24.287460	0	True	True	False	0	False	1789947382.384
gd-tools	w03	8	2372235157	245722000	4	B1	1	5.1063	1.942048	0	True		False	0	False	1789947391.614
gd-tools	w03	8	2372235157	245722000	4	B0	2	5.1345	1.949639	0	True		False	0	False	1789947400.859
nano-coverage	w03	8	3783726934	245722000	4	B0	0	3.5956	1.945830	0	True		False	0	False	1789947408.838
nano-coverage	w03	8	3783726934	245722000	4	C	1	21.5913	19.870504	0	True	True	False	0	False	1789947435.500
gd-tools	w11	8	3468748154	245722000	4	B1	0	5.2217	1.731531	0	True		False	0	False	1789947445.471
gd-tools	w11	8	3468748154	245722000	4	B0	1	5.2417	1.747989	0	True		False	0	False	1789947455.454
gd-tools	w11	8	3468748154	245722000	4	C	2	11.6954	7.955412	0	True	True	False	0	False	1789947471.909
nano-coverage	w05	8	1225415705	245722000	4	C	0	7.6037	5.808550	0	True	True	False	0	False	1789947482.881
nano-coverage	w05	8	1225415705	245722000	4	B0	1	3.7753	2.002037	0	True		False	0	False	1789947489.275
gd-tools	w05	8	3489176001	245722000	4	B0	0	5.2477	1.933480	0	True		False	0	False	1789947496.859
gd-tools	w05	8	3489176001	245722000	4	B1	1	5.2074	1.942462	0	True		False	0	False	1789947504.403
gd-tools	w05	8	3489176001	245722000	4	C	2	5.4430	2.032403	0	True	True	False	0	False	1789947512.275
nano-coverage	w01	8	2492131660	245722000	4	C	0	1.8096		0	True	True	False	0	False	1789947517.363
nano-coverage	w01	8	2492131660	245722000	4	B0	1	1.7264		0	True		False	0	False	1789947521.706
nano-coverage	w11	8	1137975433	245722000	4	B0	0	3.7309	1.752090	0	True		False	0	False	1789947530.507
nano-coverage	w11	8	1137975433	245722000	4	C	1	8.3030	6.248109	0	True	True	False	0	False	1789947544.622
gd-tools	w01	8	1131832941	245722000	4	C	0	3.4186		0	True	True	False	0	False	1789947550.380
gd-tools	w01	8	1131832941	245722000	4	B0	1	3.2466		0	True		False	0	False	1789947555.962
gd-tools	w01	8	1131832941	245722000	4	B1	2	3.2659		0	True		False	0	False	1789947561.561
gd-tools	w03	8	2372235157	245722000	5	B1	0	5.1068	1.945018	0	True		False	0	False	1789947570.900
gd-tools	w03	8	2372235157	245722000	5	C	1	27.3865	24.074378	0	True	True	False	0	False	1789947602.398
gd-tools	w03	8	2372235157	245722000	5	B0	2	5.1055	1.941348	0	True		False	0	False	1789947611.691
nano-coverage	w03	8	3783726934	245722000	5	C	0	20.0431	18.291676	0	True	True	False	0	False	1789947636.773
nano-coverage	w03	8	3783726934	245722000	5	B0	1	3.5982	1.956282	0	True		False	0	False	1789947644.765
gd-tools	w11	8	3468748154	245722000	5	C	0	11.5811	7.933958	0	True	True	False	0	False	1789947661.210
gd-tools	w11	8	3468748154	245722000	5	B0	1	5.1988	1.728415	0	True		False	0	False	1789947671.242
gd-tools	w11	8	3468748154	245722000	5	B1	2	5.2895	1.743302	0	True		False	0	False	1789947681.311
nano-coverage	w05	8	1225415705	245722000	5	B0	0	3.6501	1.937135	0	True		False	0	False	1789947687.579
nano-coverage	w05	8	1225415705	245722000	5	C	1	7.6516	5.866636	0	True	True	False	0	False	1789947698.599
gd-tools	w05	8	3489176001	245722000	5	B0	0	5.1979	1.957194	0	True		False	0	False	1789947706.225
gd-tools	w05	8	3489176001	245722000	5	C	1	5.5491	2.068414	0	True	True	False	0	False	1789947714.113
gd-tools	w05	8	3489176001	245722000	5	B1	2	5.1975	1.925022	0	True		False	0	False	1789947721.736
nano-coverage	w01	8	2492131660	245722000	5	B0	0	1.7631		0	True		False	0	False	1789947726.118
nano-coverage	w01	8	2492131660	245722000	5	C	1	1.7510		0	True	True	False	0	False	1789947731.145
nano-coverage	w11	8	1137975433	245722000	5	C	0	8.4748	6.434606	0	True	True	False	0	False	1789947745.362
nano-coverage	w11	8	1137975433	245722000	5	B0	1	3.6792	1.716042	0	True		False	0	False	1789947754.095
gd-tools	w01	8	1131832941	245722000	5	B0	0	3.1555		0	True		False	0	False	1789947759.681
gd-tools	w01	8	1131832941	245722000	5	C	1	3.4177		0	True	True	False	0	False	1789947765.436
gd-tools	w01	8	1131832941	245722000	5	B1	2	3.2473		0	True		False	0	False	1789947771.020
gd-tools	w11	9	3244040358	836533371	0	B1	0	5.2944	1.736938	0	True		False	0	False	1789947841.310
gd-tools	w11	9	3244040358	836533371	0	C	1	11.5796	7.910281	0	True	True	False	0	False	1789947857.661
gd-tools	w11	9	3244040358	836533371	0	B0	2	5.2014	1.756295	0	True		False	0	False	1789947867.625
nano-coverage	w03	9	432230552	836533371	0	C	0	21.8644	20.150334	0	True	True	False	0	False	1789947894.626
nano-coverage	w03	9	432230552	836533371	0	B0	1	3.6211	1.983414	0	True		False	0	False	1789947902.628
gd-tools	w03	9	2205494244	836533371	0	C	0	27.4871	24.172280	0	True	True	False	0	False	1789947934.210
gd-tools	w03	9	2205494244	836533371	0	B1	1	5.0147	1.924175	0	True		False	0	False	1789947943.309
gd-tools	w03	9	2205494244	836533371	0	B0	2	5.1101	1.928430	0	True		False	0	False	1789947952.533
nano-coverage	w11	9	3151773482	836533371	0	B0	0	3.6993	1.750600	0	True		False	0	False	1789947961.275
nano-coverage	w11	9	3151773482	836533371	0	C	1	8.5899	6.498126	0	True	True	False	0	False	1789947975.551
nano-coverage	w05	9	2500709816	836533371	0	C	0	7.5244	5.700026	0	True	True	False	0	False	1789947986.447
nano-coverage	w05	9	2500709816	836533371	0	B0	1	3.6737	1.971697	0	True		False	0	False	1789947992.740
gd-tools	w01	9	3476933448	836533371	0	C	0	3.3924		0	True	True	False	0	False	1789947998.465
gd-tools	w01	9	3476933448	836533371	0	B0	1	3.2443		0	True		False	0	False	1789948004.056
gd-tools	w01	9	3476933448	836533371	0	B1	2	3.2644		0	True		False	0	False	1789948009.749
gd-tools	w05	9	965279906	836533371	0	B1	0	5.2062	1.925362	0	True		False	0	False	1789948017.291
gd-tools	w05	9	965279906	836533371	0	C	1	5.4427	2.018614	0	True	True	False	0	False	1789948025.066
gd-tools	w05	9	965279906	836533371	0	B0	2	5.2090	1.913181	0	True		False	0	False	1789948032.616
nano-coverage	w01	9	1589893028	836533371	0	C	0	1.8323		0	True	True	False	0	False	1789948037.724
nano-coverage	w01	9	1589893028	836533371	0	B0	1	1.7244		0	True		False	0	False	1789948042.068
gd-tools	w11	9	3244040358	836533371	1	B1	0	5.2089	1.747595	0	True		False	0	False	1789948052.118
gd-tools	w11	9	3244040358	836533371	1	B0	1	5.2350	1.742079	0	True		False	0	False	1789948062.144
gd-tools	w11	9	3244040358	836533371	1	C	2	11.5063	7.850663	0	True	True	False	0	False	1789948078.453
nano-coverage	w03	9	432230552	836533371	1	C	0	20.3324	18.625286	0	True	True	False	0	False	1789948103.931
nano-coverage	w03	9	432230552	836533371	1	B0	1	3.6156	1.965028	0	True		False	0	False	1789948111.966
gd-tools	w03	9	2205494244	836533371	1	B0	0	5.0115	1.923833	0	True		False	0	False	1789948121.118
gd-tools	w03	9	2205494244	836533371	1	C	1	27.3883	24.045361	0	True	True	False	0	False	1789948152.629
gd-tools	w03	9	2205494244	836533371	1	B1	2	5.0258	1.919011	0	True		False	0	False	1789948161.844
nano-coverage	w11	9	3151773482	836533371	1	C	0	8.2807	6.265649	0	True	True	False	0	False	1789948175.810
nano-coverage	w11	9	3151773482	836533371	1	B0	1	3.6282	1.753353	0	True		False	0	False	1789948184.466
nano-coverage	w05	9	2500709816	836533371	1	B0	0	3.6603	1.948746	0	True		False	0	False	1789948190.747
nano-coverage	w05	9	2500709816	836533371	1	C	1	7.8373	5.984367	0	True	True	False	0	False	1789948201.957
gd-tools	w01	9	3476933448	836533371	1	C	0	3.3930		0	True	True	False	0	False	1789948207.779
gd-tools	w01	9	3476933448	836533371	1	B1	1	3.2458		0	True		False	0	False	1789948213.366
gd-tools	w01	9	3476933448	836533371	1	B0	2	3.2521		0	True		False	0	False	1789948218.954
gd-tools	w05	9	965279906	836533371	1	C	0	5.4510	2.022160	0	True	True	False	0	False	1789948226.743
gd-tools	w05	9	965279906	836533371	1	B0	1	5.2034	1.926004	0	True		False	0	False	1789948234.277
gd-tools	w05	9	965279906	836533371	1	B1	2	5.2114	1.949386	0	True		False	0	False	1789948241.827
nano-coverage	w01	9	1589893028	836533371	1	C	0	1.7840		0	True	True	False	0	False	1789948246.884
nano-coverage	w01	9	1589893028	836533371	1	B0	1	1.7255		0	True		False	0	False	1789948251.230
gd-tools	w11	9	3244040358	836533371	2	C	0	11.5935	7.861254	0	True	True	False	0	False	1789948267.606
gd-tools	w11	9	3244040358	836533371	2	B0	1	5.2059	1.716063	0	True		False	0	False	1789948277.597
gd-tools	w11	9	3244040358	836533371	2	B1	2	5.1994	1.741611	0	True		False	0	False	1789948287.574
nano-coverage	w03	9	432230552	836533371	2	C	0	21.1324	19.114138	0	True	True	False	0	False	1789948313.722
nano-coverage	w03	9	432230552	836533371	2	B0	1	3.6169	1.951057	0	True		False	0	False	1789948321.715
gd-tools	w03	9	2205494244	836533371	2	B1	0	5.1033	1.945077	0	True		False	0	False	1789948331.013
gd-tools	w03	9	2205494244	836533371	2	B0	1	5.1045	1.957938	0	True		False	0	False	1789948340.181
gd-tools	w03	9	2205494244	836533371	2	C	2	27.2132	23.872459	0	True	True	False	0	False	1789948371.534
nano-coverage	w11	9	3151773482	836533371	2	B0	0	3.7675	1.748301	0	True		False	0	False	1789948380.339
nano-coverage	w11	9	3151773482	836533371	2	C	1	8.5527	6.466406	0	True	True	False	0	False	1789948394.605
nano-coverage	w05	9	2500709816	836533371	2	B0	0	3.6727	1.969646	0	True		False	0	False	1789948400.907
nano-coverage	w05	9	2500709816	836533371	2	C	1	8.7278	5.726791	0	True	True	False	0	False	1789948412.912
gd-tools	w01	9	3476933448	836533371	2	B1	0	3.2724		0	True		False	0	False	1789948418.522
gd-tools	w01	9	3476933448	836533371	2	C	1	3.3905		0	True	True	False	0	False	1789948424.253
gd-tools	w01	9	3476933448	836533371	2	B0	2	3.2463		0	True		False	0	False	1789948429.831
gd-tools	w05	9	965279906	836533371	2	C	0	5.5493	2.071766	0	True	True	False	0	False	1789948437.718
gd-tools	w05	9	965279906	836533371	2	B1	1	5.2044	1.956924	0	True		False	0	False	1789948445.263
gd-tools	w05	9	965279906	836533371	2	B0	2	5.2146	1.951910	0	True		False	0	False	1789948452.813
nano-coverage	w01	9	1589893028	836533371	2	B0	0	1.6876		0	True		False	0	False	1789948457.122
nano-coverage	w01	9	1589893028	836533371	2	C	1	1.7948		0	True	True	False	0	False	1789948462.203
gd-tools	w11	9	3244040358	836533371	3	C	0	11.5849	7.887566	0	True	True	False	0	False	1789948478.662
gd-tools	w11	9	3244040358	836533371	3	B1	1	5.2007	1.723306	0	True		False	0	False	1789948488.634
gd-tools	w11	9	3244040358	836533371	3	B0	2	5.1986	1.714377	0	True		False	0	False	1789948498.600
nano-coverage	w03	9	432230552	836533371	3	B0	0	3.5289	1.945624	0	True		False	0	False	1789948506.556
nano-coverage	w03	9	432230552	836533371	3	C	1	20.4080	18.691045	0	True	True	False	0	False	1789948532.049
gd-tools	w03	9	2205494244	836533371	3	C	0	27.3039	23.956639	0	True	True	False	0	False	1789948563.455
gd-tools	w03	9	2205494244	836533371	3	B0	1	5.0234	1.933984	0	True		False	0	False	1789948572.576
gd-tools	w03	9	2205494244	836533371	3	B1	2	5.1204	1.935282	0	True		False	0	False	1789948581.811
nano-coverage	w11	9	3151773482	836533371	3	C	0	8.4072	6.335143	0	True	True	False	0	False	1789948595.938
nano-coverage	w11	9	3151773482	836533371	3	B0	1	3.7156	1.757400	0	True		False	0	False	1789948604.724
nano-coverage	w05	9	2500709816	836533371	3	C	0	7.5755	5.728509	0	True	True	False	0	False	1789948615.685
nano-coverage	w05	9	2500709816	836533371	3	B0	1	3.6327	1.914273	0	True		False	0	False	1789948621.942
gd-tools	w01	9	3476933448	836533371	3	B0	0	3.2551		0	True		False	0	False	1789948627.552
gd-tools	w01	9	3476933448	836533371	3	B1	1	3.2452		0	True		False	0	False	1789948633.224
gd-tools	w01	9	3476933448	836533371	3	C	2	3.3937		0	True	True	False	0	False	1789948638.954
gd-tools	w05	9	965279906	836533371	3	B0	0	5.2170	1.951123	0	True		False	0	False	1789948646.508
gd-tools	w05	9	965279906	836533371	3	B1	1	5.2046	1.941954	0	True		False	0	False	1789948654.147
gd-tools	w05	9	965279906	836533371	3	C	2	5.4583	2.017605	0	True	True	False	0	False	1789948661.939
nano-coverage	w01	9	1589893028	836533371	3	C	0	1.8680		0	True	True	False	0	False	1789948667.173
nano-coverage	w01	9	1589893028	836533371	3	B0	1	1.7505		0	True		False	0	False	1789948671.543
gd-tools	w11	9	3244040358	836533371	4	B0	0	5.1983	1.744048	0	True		False	0	False	1789948681.532
gd-tools	w11	9	3244040358	836533371	4	B1	1	5.1974	1.722513	0	True		False	0	False	1789948691.502
gd-tools	w11	9	3244040358	836533371	4	C	2	11.5823	7.883554	0	True	True	False	0	False	1789948707.931
nano-coverage	w03	9	432230552	836533371	4	B0	0	3.6072	1.973025	0	True		False	0	False	1789948715.917
nano-coverage	w03	9	432230552	836533371	4	C	1	20.2012	18.468243	0	True	True	False	0	False	1789948741.189
gd-tools	w03	9	2205494244	836533371	4	B0	0	5.1323	1.949565	0	True		False	0	False	1789948750.419
gd-tools	w03	9	2205494244	836533371	4	B1	1	5.0213	1.927699	0	True		False	0	False	1789948759.602
gd-tools	w03	9	2205494244	836533371	4	C	2	27.5793	24.269953	0	True	True	False	0	False	1789948791.248
nano-coverage	w11	9	3151773482	836533371	4	C	0	8.5473	6.510726	0	True	True	False	0	False	1789948805.464
nano-coverage	w11	9	3151773482	836533371	4	B0	1	3.6846	1.729021	0	True		False	0	False	1789948814.161
nano-coverage	w05	9	2500709816	836533371	4	B0	0	3.6770	1.954246	0	True		False	0	False	1789948820.460
nano-coverage	w05	9	2500709816	836533371	4	C	1	7.4855	5.638107	0	True	True	False	0	False	1789948831.225
gd-tools	w01	9	3476933448	836533371	4	B1	0	3.3415		0	True		False	0	False	1789948837.006
gd-tools	w01	9	3476933448	836533371	4	B0	1	3.2498		0	True		False	0	False	1789948842.685
gd-tools	w01	9	3476933448	836533371	4	C	2	3.4072		0	True	True	False	0	False	1789948848.425
gd-tools	w05	9	965279906	836533371	4	B0	0	5.1991	1.958523	0	True		False	0	False	1789948855.956
gd-tools	w05	9	965279906	836533371	4	C	1	5.4631	2.054068	0	True	True	False	0	False	1789948863.750
gd-tools	w05	9	965279906	836533371	4	B1	2	5.2012	1.927446	0	True		False	0	False	1789948871.288
nano-coverage	w01	9	1589893028	836533371	4	B0	0	1.7216		0	True		False	0	False	1789948875.629
nano-coverage	w01	9	1589893028	836533371	4	C	1	1.8053		0	True	True	False	0	False	1789948880.717
gd-tools	w11	9	3244040358	836533371	5	B0	0	5.2966	1.755127	0	True		False	0	False	1789948890.787
gd-tools	w11	9	3244040358	836533371	5	C	1	11.4994	7.840703	0	True	True	False	0	False	1789948907.059
gd-tools	w11	9	3244040358	836533371	5	B1	2	5.2963	1.749875	0	True		False	0	False	1789948917.117
nano-coverage	w03	9	432230552	836533371	5	B0	0	3.5909	1.951666	0	True		False	0	False	1789948925.098
nano-coverage	w03	9	432230552	836533371	5	C	1	20.5851	18.875721	0	True	True	False	0	False	1789948950.766
gd-tools	w03	9	2205494244	836533371	5	B1	0	5.1081	1.955538	0	True		False	0	False	1789948960.092
gd-tools	w03	9	2205494244	836533371	5	C	1	27.2966	24.001593	0	True	True	False	0	False	1789948991.485
gd-tools	w03	9	2205494244	836533371	5	B0	2	5.2071	2.008641	0	True		False	0	False	1789949000.803
nano-coverage	w11	9	3151773482	836533371	5	B0	0	3.6477	1.763380	0	True		False	0	False	1789949009.508
nano-coverage	w11	9	3151773482	836533371	5	C	1	8.4277	6.404373	0	True	True	False	0	False	1789949023.624
nano-coverage	w05	9	2500709816	836533371	5	C	0	7.6537	5.821664	0	True	True	False	0	False	1789949034.553
nano-coverage	w05	9	2500709816	836533371	5	B0	1	3.7154	1.945504	0	True		False	0	False	1789949040.889
gd-tools	w01	9	3476933448	836533371	5	B0	0	3.2452		0	True		False	0	False	1789949046.479
gd-tools	w01	9	3476933448	836533371	5	C	1	3.3938		0	True	True	False	0	False	1789949052.211
gd-tools	w01	9	3476933448	836533371	5	B1	2	3.2463		0	True		False	0	False	1789949057.793
gd-tools	w05	9	965279906	836533371	5	B1	0	5.2119	1.936073	0	True		False	0	False	1789949065.341
gd-tools	w05	9	965279906	836533371	5	B0	1	5.1947	1.902095	0	True		False	0	False	1789949072.869
gd-tools	w05	9	965279906	836533371	5	C	2	5.5651	2.057295	0	True	True	False	0	False	1789949080.770
nano-coverage	w01	9	1589893028	836533371	5	B0	0	1.7629		0	True		False	0	False	1789949085.151
nano-coverage	w01	9	1589893028	836533371	5	C	1	1.8022		0	True	True	False	0	False	1789949090.227
